"id","meal_id","ingredient_name","quantity","unit","is_optional","order_index"
1,1,"chicken","500.0","g",False,NULL
2,1,"onion","180.0","g",False,NULL
3,1,"oil","15.0","ml",False,NULL
4,1,"tomato","180.0","g",False,NULL
5,1,"turmeric","1.25","g",False,NULL
6,1,"ginger","11.25","g",False,NULL
7,1,"garlic","11.25","g",False,NULL
8,1,"salt","2.5","g",True,NULL
9,1,"coriander","90.0","g",False,NULL
10,1,"nutmeg powder","1.25","g",False,NULL
11,1,"clove","0.4","g",False,NULL
12,1,"strand mace","1.0","g",False,NULL
13,1,"black pepper","4.0","g",False,NULL
14,1,"red chili","8.0","g",False,NULL
15,1,"coconut","60.0","g",False,NULL
16,1,"cinnamon","1.0","g",False,NULL
17,1,"cardamom","0.8","g",False,NULL
18,1,"cumin","5.0","g",False,NULL
19,2,"coconut","60.0","g",False,NULL
20,2,"cashew","18.0","g",False,NULL
21,2,"fennel seeds","5.0","g",False,NULL
22,2,"water","2670.0","ml",False,NULL
23,2,"strand mace","1.0","g",True,NULL
24,2,"cumin","2.5","g",False,NULL
25,2,"cardamom","0.4","g",False,NULL
26,2,"clove","0.3","g",False,NULL
27,2,"cinnamon","1.0","g",False,NULL
28,2,"oil","30.0","ml",False,NULL
29,2,"onion","240.0","g",False,NULL
30,2,"green chili","5.0","g",True,NULL
31,2,"garlic","11.25","g",False,NULL
32,2,"tomato","180.0","g",False,NULL
33,2,"salt","3.75","g",False,NULL
34,2,"bean","180.0","g",False,NULL
35,2,"carrot","180.0","g",False,NULL
36,2,"cauliflower","180.0","g",False,NULL
37,2,"potato","240.0","g",False,NULL
38,2,"green peas","180.0","g",False,NULL
39,2,"coriander","30.0","g",False,NULL
40,2,"turmeric","1.25","g",False,NULL
41,2,"chili","5.0","g",False,NULL
42,2,"garam masala","5.0","g",False,NULL
43,4,"paneer","250.0","g",False,NULL
44,4,"yogurt","125.0","ml",False,NULL
45,4,"garlic","57.5","g",False,NULL
46,4,"chili","1.25","g",False,NULL
47,4,"garam masala","6.25","g",False,NULL
48,4,"fenugreek","6.25","g",False,NULL
49,4,"turmeric","0.62","g",True,NULL
50,4,"salt","2.5","g",True,NULL
51,4,"oil","20.0","ml",False,NULL
52,4,"capsicum","50.0","g",True,NULL
53,4,"onion","290.0","g",True,NULL
54,4,"cinnamon","6.0","g",True,NULL
55,4,"tomato","2520.0","g",False,NULL
56,4,"cashew","21.0","g",False,NULL
57,4,"red chili","3.75","g",False,NULL
58,4,"sugar","5.0","g",True,NULL
59,4,"water","360.0","ml",False,NULL
60,4,"cream","45.0","ml",False,NULL
61,4,"cilantro","30.0","g",False,NULL
62,5,"paneer","200.0","g",False,NULL
63,5,"onion","1380.0","g",False,NULL
64,5,"tomato","80.0","g",False,NULL
65,5,"capsicum","80.0","g",False,NULL
66,5,"cashew","10.5","g",False,NULL
67,5,"oil","17.0","ml",False,NULL
68,5,"cumin","2.5","g",False,NULL
69,5,"cardamom","0.4","g",False,NULL
70,5,"garlic","5.0","g",False,NULL
71,5,"red chili","5.0","g",False,NULL
72,5,"garam masala","3.75","g",False,NULL
73,5,"coriander","3.75","g",False,NULL
74,5,"salt","2.5","g",True,NULL
75,5,"water","180.0","ml",True,NULL
76,5,"kasuri","2.5","g",False,NULL
77,5,"green chili","10.0","g",False,NULL
78,6,"rice","480.0","g",False,NULL
79,6,"urad","120.0","g",False,NULL
80,6,"fenugreek","5.0","g",False,NULL
81,6,"potato","600.0","g",False,NULL
82,6,"mustard","5.0","g",False,NULL
83,6,"curry leafs","10.0","g",False,NULL
84,6,"green chili","10.0","g",False,NULL
85,6,"turmeric","2.5","g",False,NULL
86,6,"ginger","1.0","g",False,NULL
87,6,"onion","100.0","g",False,NULL
88,6,"oil","1.0","ml",True,NULL
89,6,"salt","1.0","g",True,NULL
90,7,"garlic","240.0","g",False,NULL
91,7,"water","241.0","ml",True,NULL
92,7,"mustard","10.0","g",False,NULL
93,7,"fenugreek","1.0","g",False,NULL
94,7,"red chili","4.0","g",False,NULL
95,7,"onion","100.0","g",False,NULL
96,7,"tomato","100.0","g",False,NULL
97,7,"carrot","100.0","g",False,NULL
98,7,"potato","300.0","g",False,NULL
99,7,"salt","1.0","g",True,NULL
100,7,"chili","10.0","g",False,NULL
101,7,"sambar masala","10.0","g",False,NULL
102,7,"jaggery","5.0","g",False,NULL
103,7,"asafoetida",NULL,NULL,False,NULL
104,7,"curry leafs",NULL,NULL,False,NULL
105,8,"yogurt","240.0","ml",False,NULL
106,8,"honey","15.0","g",False,NULL
107,8,"almond","30.0","g",False,NULL
108,8,"berries blueberries stberries","120.0","g",False,NULL
109,8,"chia seeds","5.0","g",False,NULL
110,9,"coffee","57.5","g",False,NULL
111,9,"water","480.0","ml",False,NULL
112,9,"milk","180.0","ml",False,NULL
113,9,"sugar","10.0","g",False,NULL
114,9,"now pour","60.0","g",False,NULL
115,10,"coffee","15.0","g",False,NULL
116,10,"water","60.0","ml",False,NULL
117,10,"sugar","45.0","g",False,NULL
118,10,"milk","960.0","ml",False,NULL
119,10,"ice cubes","6.0","g",False,NULL
120,10,"blend minutes","1.0","g",False,NULL
121,11,"almond","42.0","g",False,NULL
122,11,"water","79.2","ml",False,NULL
123,11,"milk","541.0","ml",False,NULL
124,11,"sugar","120.0","g",False,NULL
125,11,"cardamom","0.8","g",False,NULL
126,11,"saffron","0.5","g",True,NULL
127,12,"rice","360.0","g",False,NULL
128,12,"onion","100.0","g",False,NULL
129,12,"green chili","5.0","g",False,NULL
130,12,"mustard","5.0","g",False,NULL
131,12,"turmeric","2.5","g",False,NULL
132,12,"coriander","30.0","g",False,NULL
133,12,"lemon","50.0","g",False,NULL
134,12,"oil","30.0","ml",False,NULL
135,12,"salt","1.0","g",True,NULL
136,13,"semolina thick","240.0","g",False,NULL
137,13,"ghee","45.0","ml",False,NULL
138,13,"moong","15.0","g",False,NULL
139,13,"urad","5.0","g",False,NULL
140,13,"mustard","5.0","g",False,NULL
141,13,"curry leafs","8.0","g",False,NULL
142,13,"cashew","15.0","g",False,NULL
143,13,"onion","200.0","g",False,NULL
144,13,"capsicum","150.0","g",False,NULL
145,13,"chili","10.0","g",False,NULL
146,13,"ginger","1.0","g",False,NULL
147,13,"green peas","60.0","g",False,NULL
148,13,"pepper","2.5","g",False,NULL
149,13,"salt","1.0","g",True,NULL
150,13,"sugar","2.5","g",False,NULL
151,13,"water","720.0","ml",False,NULL
152,13,"lemon","15.0","g",False,NULL
153,13,"coriander","30.0","g",False,NULL
154,13,"asafoetida",NULL,NULL,False,NULL
155,14,"flour","480.0","g",False,NULL
156,14,"potato","450.0","g",False,NULL
157,14,"ghee","30.0","ml",False,NULL
158,14,"butter","1.0","g",True,NULL
159,14,"curd","120.0","ml",False,NULL
160,14,"soy","1.0","ml",True,NULL
161,14,"salt","1.0","g",True,NULL
162,14,"red chili","5.0","g",True,NULL
163,15,"flour","480.0","g",False,NULL
164,15,"paneer","240.0","g",False,NULL
165,15,"green peas","1.0","g",False,NULL
166,15,"garlic","5.0","g",False,NULL
167,15,"red chili","5.0","g",False,NULL
168,15,"garam masala","2.5","g",False,NULL
169,15,"salt","1.0","g",True,NULL
170,15,"water","1.0","ml",True,NULL
171,15,"ghee","1.0","ml",False,NULL
172,17,"capsicum","100.0","g",False,NULL
173,17,"carrot","100.0","g",False,NULL
174,17,"cucumber","1.0","g",False,NULL
175,17,"tomato","100.0","g",False,NULL
176,17,"pepper","1.0","g",True,NULL
177,17,"salt","1.0","g",True,NULL
178,17,"mayonnaise","30.0","g",False,NULL
179,17,"bread","2.0","g",False,NULL
180,17,"butter","1.0","g",True,NULL
181,18,"ghee","30.0","ml",False,NULL
182,18,"onion","100.0","g",False,NULL
183,18,"cumin","5.0","g",False,NULL
184,18,"green chili","5.0","g",False,NULL
185,18,"garlic","15.0","g",False,NULL
186,18,"garam masala","5.0","g",False,NULL
187,18,"turmeric","1.25","g",False,NULL
188,18,"chili","2.5","g",False,NULL
189,18,"salt","1.0","g",True,NULL
190,18,"tomato","200.0","g",False,NULL
191,18,"egg","200.0","g",False,NULL
192,18,"cilantro","30.0","g",False,NULL
193,18,"cheese","1.0","g",True,NULL
194,19,"egg","100.0","g",False,NULL
195,19,"butter","15.0","g",False,NULL
196,19,"cheese","60.0","g",False,NULL
197,19,"salt","1.0","g",True,NULL
198,19,"pepper","1.0","g",True,NULL
199,20,"egg","100.0","g",False,NULL
200,20,"onion","30.0","g",False,NULL
201,20,"pepper","45.0","g",False,NULL
202,20,"tomato","30.0","g",False,NULL
203,20,"green chili","5.0","g",False,NULL
204,20,"coriander","15.0","g",False,NULL
205,20,"salt","1.0","g",False,NULL
206,20,"turmeric","1.0","g",False,NULL
207,20,"chili","1.0","g",False,NULL
208,20,"butter","15.0","g",False,NULL
209,21,"semolina rava sooji","240.0","g",False,NULL
210,21,"sugar","180.0","g",False,NULL
211,21,"ghee","45.0","ml",False,NULL
212,21,"water","480.0","ml",False,NULL
213,21,"cardamom","2.5","g",False,NULL
214,21,"cashew","15.0","g",False,NULL
215,21,"raisin","10.0","g",False,NULL
216,22,"milk","240.0","ml",False,NULL
217,22,"egg","100.0","g",False,NULL
218,22,"cinnamon","1.0","g",True,NULL
219,22,"nutmeg","1.0","g",True,NULL
220,22,"clove","1.0","g",True,NULL
221,22,"sugar","16.0","g",False,NULL
222,22,"vanilla","1.0","g",False,NULL
223,22,"butter","1.0","g",False,NULL
224,22,"bread","1.0","g",True,NULL
225,22,"topping stberries","1.0","g",False,NULL
226,22,"topping blueberries","1.0","g",False,NULL
227,22,"serving syrup","1.0","ml",False,NULL
228,23,"flour","240.0","g",False,NULL
229,23,"milk","240.0","ml",False,NULL
230,23,"egg","50.0","g",False,NULL
231,23,"sugar","15.0","g",False,NULL
232,23,"salt","1.25","g",False,NULL
233,23,"butter","30.0","g",False,NULL
234,24,"rolled oats flakes","240.0","g",False,NULL
235,24,"salt","1.0","g",False,NULL
236,24,"cinnamon","1.25","g",False,NULL
237,24,"cardamom","1.25","g",False,NULL
238,24,"milk","480.0","ml",False,NULL
239,24,"sugar","15.0","g",False,NULL
240,24,"orange peel","5.0","g",False,NULL
241,24,"mixed fruits","120.0","g",False,NULL
242,24,"nuts","60.0","g",False,NULL
243,24,"yogurt","30.0","ml",False,NULL
244,25,"oats","120.0","g",False,NULL
245,25,"water","600.0","ml",False,NULL
246,25,"green peas","30.0","g",False,NULL
247,25,"carrot","100.0","g",False,NULL
248,25,"ghee","15.0","ml",False,NULL
249,25,"mustard","5.0","g",False,NULL
250,25,"lentil","15.0","g",False,NULL
251,25,"green chili","5.0","g",False,NULL
252,25,"potato","150.0","g",False,NULL
253,25,"cashew","15.0","g",False,NULL
254,25,"onion","100.0","g",False,NULL
255,25,"semolina","360.0","g",False,NULL
256,25,"wheat","30.0","g",False,NULL
257,25,"curd","30.0","ml",False,NULL
258,25,"salt","1.0","g",True,NULL
259,25,"lemon","1.0","g",True,NULL
260,25,"sugar","1.0","g",True,NULL
261,25,"coconut","360.0","g",True,NULL
262,25,"curry leafs",NULL,NULL,False,NULL
263,26,"fenugreek","1.0","g",False,NULL
264,26,"spinach","1.0","g",False,NULL
265,26,"green peas","1.0","g",False,NULL
266,26,"cabbage","1.0","g",False,NULL
267,26,"okra","1.0","g",False,NULL
268,27,"pea","30.0","g",False,NULL
269,27,"oil","30.0","ml",False,NULL
270,27,"cumin","5.0","g",False,NULL
271,27,"salt","1.0","g",True,NULL
272,27,"lemon","15.0","g",False,NULL
273,27,"coriander","1.0","g",False,NULL
274,28,"turmeric","2.5","g",False,NULL
275,28,"red chili","5.0","g",False,NULL
276,28,"coriander","35.0","g",False,NULL
277,28,"cumin","7.5","g",False,NULL
278,28,"oil","30.0","ml",False,NULL
279,28,"khada masala spices","5.0","g",False,NULL
280,28,"ginger","5.0","g",False,NULL
281,28,"tomato","200.0","g",False,NULL
282,28,"salt","1.0","g",True,NULL
283,28,"green chili","10.0","g",False,NULL
284,28,"water","120.0","ml",False,NULL
285,28,"potato","450.0","g",False,NULL
286,28,"garam masala","2.5","g",False,NULL
287,28,"fenugreek","5.0","g",False,NULL
288,28,"heeng asafoetida",NULL,NULL,False,NULL
289,29,"pea","240.0","g",False,NULL
290,29,"oil","60.0","ml",False,NULL
291,29,"cumin","10.0","g",False,NULL
292,29,"onion","200.0","g",False,NULL
293,29,"green chili","1.0","g",False,NULL
294,29,"garlic","15.0","g",False,NULL
295,29,"tomato","200.0","g",False,NULL
296,29,"salt","1.0","g",True,NULL
297,29,"coriander","6.0","g",False,NULL
298,29,"garam masala","5.0","g",False,NULL
299,29,"kitchen king masala","5.0","g",False,NULL
300,29,"turmeric","2.5","g",False,NULL
301,29,"chili","2.5","g",False,NULL
302,29,"cinnamon","1.0","g",False,NULL
303,29,"leaves bay","1.0","g",False,NULL
304,29,"cardamom","0.4","g",False,NULL
305,29,"black pepper","4.0","g",False,NULL
306,29,"water","240.0","ml",False,NULL
307,30,"rice","240.0","g",False,NULL
308,30,"egg","100.0","g",False,NULL
309,30,"oil","15.0","ml",False,NULL
310,30,"salt","1.0","g",True,NULL
311,30,"black pepper","1.0","g",True,NULL
312,30,"soy","5.0","ml",True,NULL
313,31,"banana","120.0","g",False,NULL
314,31,"milk","120.0","ml",False,NULL
315,31,"rolled oats","60.0","g",False,NULL
316,31,"butter","15.0","g",True,NULL
317,31,"chia seeds","5.0","g",False,NULL
318,32,"rice","240.0","g",False,NULL
319,32,"potato","300.0","g",False,NULL
320,32,"carrot","120.0","g",False,NULL
321,32,"green chili","5.0","g",False,NULL
322,32,"ginger","5.0","g",False,NULL
323,32,"mustard","2.5","g",False,NULL
324,32,"curry leafs","8.0","g",False,NULL
325,32,"turmeric","1.25","g",False,NULL
326,32,"chili","2.5","g",False,NULL
327,32,"garam masala","1.25","g",False,NULL
328,32,"salt","1.0","g",True,NULL
329,32,"coriander","30.0","g",False,NULL
330,32,"bread","120.0","g",False,NULL
331,32,"oil","1.0","ml",False,NULL
332,33,"bread","6.0","g",False,NULL
333,33,"flour","240.0","g",False,NULL
334,33,"water","1.0","ml",True,NULL
335,33,"green chili","5.0","g",False,NULL
336,33,"chili","2.5","g",False,NULL
337,33,"turmeric","1.25","g",False,NULL
338,33,"carom seeds ajwain","1.25","g",False,NULL
339,33,"salt","1.0","g",True,NULL
340,33,"oil","1.0","ml",False,NULL
341,34,"butter","30.0","g",False,NULL
342,34,"garlic","15.0","g",False,NULL
343,34,"salt","1.0","g",True,NULL
344,34,"chili","5.0","g",False,NULL
345,34,"oregano","5.0","g",False,NULL
346,34,"coriander","5.0","g",False,NULL
347,34,"bread","4.0","g",False,NULL
348,34,"cheese","240.0","g",False,NULL
349,35,"ankoorth sprouted chickpeas","240.0","g",False,NULL
350,35,"green peas","240.0","g",False,NULL
351,35,"cucumber","1.0","g",False,NULL
352,35,"tomato","100.0","g",False,NULL
353,35,"radish","1.0","g",False,NULL
354,35,"carrot","100.0","g",False,NULL
355,35,"chakandar beetroot","1.0","g",False,NULL
356,36,"yogurt","240.0","ml",False,NULL
357,36,"butter","30.0","g",False,NULL
358,36,"cocoa powder","15.0","g",False,NULL
359,36,"honey","15.0","g",False,NULL
360,36,"stberries","120.0","g",False,NULL
361,36,"homemade granola","120.0","g",False,NULL
362,37,"blue raspberries","240.0","g",False,NULL
363,37,"banana","120.0","g",False,NULL
364,37,"milk","120.0","ml",False,NULL
365,37,"mixed berries","120.0","g",False,NULL
366,37,"granola","60.0","g",False,NULL
367,37,"chia seeds","15.0","g",False,NULL
368,37,"honey","5.0","g",False,NULL
369,38,"mango","240.0","g",False,NULL
370,38,"yogurt","120.0","ml",False,NULL
371,38,"honey","15.0","g",False,NULL
372,38,"granola","60.0","g",False,NULL
373,38,"chia seeds","15.0","g",False,NULL
374,38,"ice cubes","120.0","g",False,NULL
375,39,"flour","240.0","g",False,NULL
376,39,"water","1.0","ml",True,NULL
377,39,"green chili","5.0","g",False,NULL
378,39,"ginger","5.0","g",False,NULL
379,39,"cumin","2.5","g",False,NULL
380,39,"salt","1.0","g",True,NULL
381,39,"oil","1.0","ml",False,NULL
382,39,"coriander","30.0","g",False,NULL
383,40,"moong","240.0","g",False,NULL
384,40,"cumin","7.5","g",False,NULL
385,40,"salt","1.0","g",True,NULL
386,40,"turmeric","1.25","g",False,NULL
387,40,"pepper","1.25","g",False,NULL
388,40,"onion","100.0","g",False,NULL
389,40,"garlic","2.0","g",False,NULL
390,40,"green peas","1.0","g",False,NULL
391,40,"paneer","1.0","g",False,NULL
392,41,"rava semolina","240.0","g",False,NULL
393,41,"yogurt","240.0","ml",False,NULL
394,41,"water","1.0","ml",True,NULL
395,41,"mustard","5.0","g",False,NULL
396,41,"curry leafs","8.0","g",False,NULL
397,41,"green chili","5.0","g",False,NULL
398,41,"ginger","5.0","g",False,NULL
399,41,"oil","30.0","ml",False,NULL
400,41,"salt","1.0","g",True,NULL
401,42,"semolina","240.0","g",False,NULL
402,42,"yogurt","240.0","ml",False,NULL
403,42,"soaked poha","15.0","g",False,NULL
404,42,"water","1.0","ml",True,NULL
405,42,"pea","1.0","g",True,NULL
406,42,"coconut","1.0","g",True,NULL
407,42,"ginger","1.0","g",True,NULL
408,42,"green chili","1.0","g",True,NULL
409,42,"butter","1.0","g",True,NULL
410,43,"flour","480.0","g",False,NULL
411,43,"water","960.0","ml",False,NULL
412,43,"milk","2520.0","ml",False,NULL
413,43,"salt","5.0","g",False,NULL
414,43,"sugar","10.0","g",False,NULL
415,43,"coconut","5.0","g",False,NULL
416,44,"green moong","240.0","g",False,NULL
417,44,"flour","30.0","g",False,NULL
418,44,"green chili","10.0","g",False,NULL
419,44,"ginger","1.0","g",False,NULL
420,44,"water","1.0","ml",True,NULL
421,44,"salt","1.0","g",True,NULL
422,44,"oil","1.0","ml",False,NULL
423,45,"onion","100.0","g",False,NULL
424,45,"green chili","5.0","g",True,NULL
425,45,"curry leafs","2.0","g",False,NULL
426,45,"oil","30.0","ml",False,NULL
427,45,"salt","1.0","g",True,NULL
428,46,"rice","240.0","g",False,NULL
429,46,"onion","100.0","g",False,NULL
430,46,"tomato","100.0","g",False,NULL
431,46,"carrot","30.0","g",False,NULL
432,46,"green chili","5.0","g",False,NULL
433,46,"coriander","30.0","g",False,NULL
434,46,"oil","30.0","ml",False,NULL
435,46,"salt","1.0","g",True,NULL
436,47,"bananas","2.0","g",False,NULL
437,47,"milk","60.0","ml",False,NULL
438,47,"sugar","120.0","g",False,NULL
439,47,"oil","60.0","ml",False,NULL
440,47,"vanilla","5.0","g",False,NULL
441,47,"flour","120.0","g",False,NULL
442,47,"salt","1.25","g",False,NULL
443,47,"walnuts","60.0","g",True,NULL
444,47,"chocolate","60.0","g",True,NULL
445,48,"egg","300.0","g",False,NULL
446,48,"pepper","120.0","g",False,NULL
447,48,"spinach","120.0","g",False,NULL
448,48,"onion","60.0","g",False,NULL
449,48,"cheese","60.0","g",True,NULL
450,48,"salt","1.0","g",True,NULL
451,48,"black pepper","1.0","g",True,NULL
452,48,"oil","1.0","ml",False,NULL
453,49,"egg","100.0","g",False,NULL
454,49,"flour","1.0","g",False,NULL
455,49,"avocado","0.5","g",False,NULL
456,49,"sauce","15.0","ml",False,NULL
457,49,"mayonnaise","15.0","g",False,NULL
458,49,"salt","1.0","g",False,NULL
459,50,"egg","100.0","g",False,NULL
460,50,"links","2.0","g",False,NULL
461,50,"cheese","60.0","g",False,NULL
462,50,"flour","1.0","g",False,NULL
463,50,"butter","5.0","g",False,NULL
464,51,"avocado","1.0","g",False,NULL
465,51,"bread","2.0","g",False,NULL
466,51,"egg","50.0","g",False,NULL
467,51,"black pepper","5.0","g",False,NULL
468,51,"salt","1.0","g",True,NULL
469,51,"chili","1.0","g",False,NULL
470,52,"bread","2.0","g",False,NULL
471,52,"tomato","100.0","g",False,NULL
472,52,"shredded mozzarella","120.0","g",False,NULL
473,52,"butter","15.0","g",False,NULL
474,52,"oregano","2.5","g",False,NULL
475,52,"salt","1.0","g",True,NULL
476,52,"black pepper","1.0","g",True,NULL
477,53,"chicken","1.0","g",False,NULL
478,53,"flour","240.0","g",False,NULL
479,53,"paprika","5.0","g",False,NULL
480,53,"garlic","5.0","g",False,NULL
481,53,"chili","5.0","g",False,NULL
482,53,"salt","1.0","g",True,NULL
483,53,"black pepper","1.0","g",True,NULL
484,53,"corn","240.0","g",False,NULL
485,53,"egg","50.0","g",False,NULL
486,53,"chives","15.0","g",False,NULL
487,53,"mayonnaise","60.0","g",False,NULL
488,53,"sriracha","15.0","g",False,NULL
489,53,"honey","15.0","g",False,NULL
490,53,"brioche bun","1.0","g",False,NULL
491,54,"egg","200.0","g",False,NULL
492,54,"mayonnaise","45.0","g",False,NULL
493,54,"salt","1.0","g",True,NULL
494,54,"black pepper","1.0","g",True,NULL
495,54,"bread","4.0","g",False,NULL
496,55,"rolled oats","480.0","g",False,NULL
497,55,"coconut","240.0","g",False,NULL
498,55,"almond","180.0","g",False,NULL
499,55,"chia seeds","30.0","g",False,NULL
500,55,"oil","120.0","ml",False,NULL
501,55,"cinnamon","1.0","g",True,NULL
502,55,"raisin","240.0","g",False,NULL
503,56,"paneer","200.0","g",False,NULL
504,56,"oil","30.0","ml",False,NULL
505,56,"onion","100.0","g",False,NULL
506,56,"green chili","10.0","g",False,NULL
507,56,"tomato","200.0","g",False,NULL
508,56,"salt","1.0","g",True,NULL
509,56,"turmeric","1.25","g",False,NULL
510,56,"cumin","2.5","g",False,NULL
511,56,"chili","2.5","g",False,NULL
512,56,"coriander","30.0","g",False,NULL
513,57,"capsicum","100.0","g",False,NULL
514,57,"egg","100.0","g",False,NULL
515,57,"sugar","5.0","g",False,NULL
516,57,"liquid sake","15.0","g",False,NULL
517,57,"salt","1.0","g",True,NULL
518,57,"oil","15.0","ml",False,NULL
519,58,"noodles","1.0","g",False,NULL
520,58,"water","360.0","ml",False,NULL
521,58,"oil","15.0","ml",False,NULL
522,58,"onion","100.0","g",False,NULL
523,58,"tomato","100.0","g",False,NULL
524,58,"green chili","5.0","g",False,NULL
525,58,"capsicum","120.0","g",False,NULL
526,58,"turmeric","1.25","g",False,NULL
527,58,"chili","1.25","g",False,NULL
528,58,"salt","1.0","g",True,NULL
529,58,"coriander","1.0","g",False,NULL
530,59,"wheat","480.0","g",False,NULL
531,59,"flour","1080.0","g",False,NULL
532,59,"turmeric","5.0","g",False,NULL
533,59,"sesame seeds","10.0","g",False,NULL
534,59,"garlic","5.0","g",False,NULL
535,59,"green chili","5.0","g",False,NULL
536,59,"coriander","5.0","g",False,NULL
537,59,"cumin","5.0","g",False,NULL
538,59,"fenugreek","7.5","g",False,NULL
539,59,"salt","1.0","g",True,NULL
540,59,"onion","100.0","g",False,NULL
541,59,"oil","1.0","ml",True,NULL
542,60,"fenugreek","240.0","g",False,NULL
543,60,"ginger","1.0","g",False,NULL
544,60,"green chili","10.0","g",False,NULL
545,60,"flour","480.0","g",False,NULL
546,60,"oil","45.0","ml",False,NULL
547,60,"turmeric","1.0","g",True,NULL
548,61,"oil","60.0","ml",False,NULL
549,61,"moong","60.0","g",False,NULL
550,61,"cashew","15.0","g",False,NULL
551,61,"pea","10.0","g",False,NULL
552,61,"curry leafs","10.0","g",False,NULL
553,61,"salt","2.5","g",False,NULL
554,61,"garam masala","1.25","g",False,NULL
555,61,"chili","1.25","g",False,NULL
556,61,"sugar","15.0","g",False,NULL
557,61,"corn","480.0","g",False,NULL
558,61,"raisin","15.0","g",False,NULL
559,61,"mustard","120.0","g",False,NULL
560,62,"vermicelli sevai","240.0","g",False,NULL
561,62,"carrot","240.0","g",False,NULL
562,62,"mustard","5.0","g",False,NULL
563,62,"curry leafs","8.0","g",False,NULL
564,62,"green chili","5.0","g",False,NULL
565,62,"ginger","1.0","g",False,NULL
566,62,"oil","30.0","ml",False,NULL
567,62,"water","480.0","ml",False,NULL
568,62,"salt","1.0","g",True,NULL
569,63,"flour","480.0","g",False,NULL
570,63,"water","720.0","ml",False,NULL
571,63,"salt","2.0","g",True,NULL
572,63,"potato","480.0","g",False,NULL
573,63,"onion","100.0","g",False,NULL
574,63,"chili","15.0","g",False,NULL
575,63,"ginger","1.0","g",False,NULL
576,63,"coconut","120.0","g",False,NULL
577,63,"cashew","15.0","g",False,NULL
578,63,"coriander","30.0","g",False,NULL
579,63,"oil","30.0","ml",False,NULL
580,63,"mustard","5.0","g",False,NULL
581,63,"cumin","5.0","g",False,NULL
582,63,"fennel seeds","2.5","g",False,NULL
583,63,"cinnamon","1.0","g",False,NULL
584,63,"clove","0.3","g",False,NULL
585,63,"cardamom","0.4","g",False,NULL
586,63,"turmeric","2.5","g",False,NULL
587,63,"garam masala","5.0","g",False,NULL
588,64,"flour","480.0","g",False,NULL
589,64,"rice","240.0","g",False,NULL
590,64,"yeast","5.0","g",False,NULL
591,64,"sugar","5.0","g",False,NULL
592,64,"water","1.0","ml",True,NULL
593,64,"milk","480.0","ml",False,NULL
594,64,"potato","480.0","g",False,NULL
595,64,"green chili","5.0","g",False,NULL
596,64,"ginger","1.0","g",False,NULL
597,64,"cinnamon","1.0","g",False,NULL
598,64,"cardamom","0.4","g",False,NULL
599,64,"clove","0.2","g",False,NULL
600,64,"salt","1.0","g",True,NULL
601,64,"oil","1.0","ml",False,NULL
602,64,"curry leafs",NULL,NULL,False,NULL
603,65,"flour","300.0","g",False,NULL
604,65,"water","1.0","ml",True,NULL
605,65,"salt","1.0","g",True,NULL
606,65,"oil","1.0","ml",False,NULL
607,66,"flour","240.0","g",False,NULL
608,66,"rice","240.0","g",False,NULL
609,66,"urad","120.0","g",False,NULL
610,66,"fenugreek","5.0","g",False,NULL
611,66,"water","1.0","ml",True,NULL
612,66,"salt","1.0","g",True,NULL
613,67,"foxtail millet","120.0","g",False,NULL
614,67,"water","121.0","ml",False,NULL
615,67,"ghee","10.0","ml",False,NULL
616,67,"urad","5.0","g",False,NULL
617,67,"mustard","2.5","g",False,NULL
618,67,"cumin","2.5","g",False,NULL
619,67,"onion","100.0","g",False,NULL
620,67,"green chili","10.0","g",False,NULL
621,67,"ginger","1.0","g",False,NULL
622,67,"carrot","100.0","g",False,NULL
623,67,"bean","1.0","g",False,NULL
624,67,"green peas","120.0","g",False,NULL
625,67,"tomato","100.0","g",False,NULL
626,67,"salt","5.0","g",False,NULL
627,67,"turmeric","1.25","g",False,NULL
628,67,"curry leafs",NULL,NULL,False,NULL
629,68,"pesarapam millet","240.0","g",False,NULL
630,68,"water","960.0","ml",False,NULL
631,68,"ghee","45.0","ml",False,NULL
632,68,"cumin","15.0","g",False,NULL
633,68,"black pepper","5.0","g",False,NULL
634,68,"green chili","15.0","g",False,NULL
635,68,"ginger","1.0","g",False,NULL
636,68,"clove","0.2","g",False,NULL
637,68,"salt","1.0","g",True,NULL
638,69,"rice","240.0","g",False,NULL
639,69,"water","960.0","ml",False,NULL
640,69,"ghee","120.0","ml",False,NULL
641,69,"green chili","15.0","g",False,NULL
642,69,"ginger","15.0","g",False,NULL
643,69,"curry leafs","480.0","g",False,NULL
644,69,"cumin","45.0","g",False,NULL
645,69,"pepper","15.0","g",False,NULL
646,69,"asafoetida","1.0","g",False,NULL
647,69,"salt","1.0","g",True,NULL
648,70,"rice","240.0","g",False,NULL
649,70,"moong","60.0","g",False,NULL
650,70,"water","960.0","ml",False,NULL
651,70,"jaggery","180.0","g",False,NULL
652,70,"ghee","45.0","ml",False,NULL
653,70,"cardamom","5.0","g",False,NULL
654,70,"cashew","15.0","g",False,NULL
655,70,"raisin","10.0","g",False,NULL
656,71,"rice","240.0","g",False,NULL
657,71,"moong","240.0","g",False,NULL
658,71,"oil","20.0","ml",False,NULL
659,71,"asafoetida","1.25","g",False,NULL
660,71,"cumin","5.0","g",False,NULL
661,71,"ginger","2.0","g",False,NULL
662,71,"garlic","10.0","g",False,NULL
663,71,"green chili","10.0","g",False,NULL
664,71,"onion","200.0","g",False,NULL
665,71,"tomato","100.0","g",False,NULL
666,71,"potato","300.0","g",False,NULL
667,71,"frozen","240.0","g",False,NULL
668,71,"turmeric","5.0","g",False,NULL
669,71,"chili","5.0","g",False,NULL
670,71,"garam masala powder","5.0","g",False,NULL
671,71,"water","1440.0","ml",False,NULL
672,71,"salt","1.0","g",True,NULL
673,71,"ghee","15.0","ml",True,NULL
674,71,"coriander","1.0","g",True,NULL
675,71,"curry leafs",NULL,NULL,False,NULL
676,72,"pea","360.0","g",False,NULL
677,72,"potato","300.0","g",False,NULL
678,72,"green chili","5.0","g",False,NULL
679,72,"cumin","5.0","g",False,NULL
680,72,"coriander","30.0","g",False,NULL
681,72,"salt","1.0","g",True,NULL
682,72,"oil","1.0","ml",True,NULL
683,73,"egg","50.0","g",False,NULL
684,73,"cheese","1.0","g",False,NULL
685,73,"bread","1.0","g",False,NULL
686,73,"butter","15.0","g",False,NULL
687,73,"salt","1.0","g",True,NULL
688,73,"black pepper","1.0","g",True,NULL
689,74,"egg","350.0","g",False,NULL
690,74,"butter","30.0","g",False,NULL
691,74,"cheese","2.0","g",False,NULL
692,74,"salt","1.0","g",True,NULL
693,75,"potato","2520.0","g",False,NULL
694,75,"cauliflower","480.0","g",False,NULL
695,75,"onion","180.0","g",False,NULL
696,75,"tomato","180.0","g",False,NULL
697,75,"ginger","7.5","g",False,NULL
698,75,"garlic","7.5","g",False,NULL
699,75,"green chili","5.0","g",False,NULL
700,75,"coriander","33.75","g",False,NULL
701,75,"salt","2.5","g",True,NULL
702,75,"oil","30.0","ml",False,NULL
703,75,"cumin","5.0","g",False,NULL
704,75,"chili","3.75","g",True,NULL
705,75,"turmeric","1.25","g",False,NULL
706,75,"garam masala","5.0","g",True,NULL
707,75,"fenugreek","15.0","g",False,NULL
708,75,"amchur mango powder","2.5","g",True,NULL
709,76,"egg","500.0","g",False,NULL
710,76,"garlic","7.0","g",False,NULL
711,76,"green chili","5.0","g",True,NULL
712,76,"mustard","162.5","g",False,NULL
713,76,"onion","120.0","g",False,NULL
714,76,"tomato","180.0","g",False,NULL
715,76,"ginger","0.5","g",False,NULL
716,76,"red chili","2.5","g",True,NULL
717,76,"salt","3.75","g",True,NULL
718,76,"coriander","30.0","g",False,NULL
719,77,"okra","500.0","g",False,NULL
720,77,"oil","30.0","ml",False,NULL
721,77,"cumin","5.0","g",False,NULL
722,77,"chili","8.75","g",False,NULL
723,77,"salt","2.5","g",True,NULL
724,77,"turmeric","0.62","g",False,NULL
725,77,"almond","157.5","g",False,NULL
726,77,"coconut","157.5","g",True,NULL
727,77,"white sesame seeds","15.0","g",True,NULL
728,77,"garlic","1.0","g",False,NULL
729,78,"capsicum","300.0","g",False,NULL
730,78,"potato","450.0","g",False,NULL
731,78,"carrot","100.0","g",False,NULL
732,78,"green peas","60.0","g",False,NULL
733,78,"oil","30.0","ml",False,NULL
734,78,"cumin","2.5","g",False,NULL
735,78,"garlic","2.0","g",False,NULL
736,78,"onion","100.0","g",False,NULL
737,78,"chili","2.5","g",False,NULL
738,78,"garam masala","2.5","g",False,NULL
739,78,"fenugreek","5.0","g",False,NULL
740,78,"salt","1.65","g",True,NULL
741,78,"coriander","30.0","g",False,NULL
742,78,"chaat masala powder","1.25","g",False,NULL
743,80,"onion","240.0","g",False,NULL
744,80,"cashew","27.0","g",False,NULL
745,80,"green chili","5.0","g",True,NULL
746,80,"green peas","120.0","g",False,NULL
747,80,"carrot","120.0","g",False,NULL
748,80,"cauliflower","180.0","g",False,NULL
749,80,"potato","180.0","g",False,NULL
750,80,"bean","120.0","g",False,NULL
751,80,"oil","30.0","ml",False,NULL
752,80,"bay leaf","1.0","g",False,NULL
753,80,"cinnamon","1.0","g",False,NULL
754,80,"clove","0.2","g",True,NULL
755,80,"cumin","2.5","g",False,NULL
756,80,"cardamom","10.0","g",False,NULL
757,80,"ginger","2.5","g",False,NULL
758,80,"chili","2.5","g",False,NULL
759,80,"turmeric","0.5","g",False,NULL
760,80,"garam masala","1.25","g",False,NULL
761,80,"coriander","3.75","g",False,NULL
762,80,"salt","2.5","g",True,NULL
763,80,"water","242.5","ml",True,NULL
764,80,"paneer","180.0","g",False,NULL
765,80,"almond","7.2","g",False,NULL
766,80,"pomegranate arils garnish","60.0","g",False,NULL
767,80,"pineapple chunks","79.2","g",True,NULL
768,80,"raisin","15.0","g",True,NULL
769,80,"cream","60.0","ml",False,NULL
770,81,"rice","1.0","g",True,NULL
771,81,"black pepper","1.0","g",True,NULL
772,81,"cinnamon","1.0","g",False,NULL
773,81,"bay leaf","1.0","g",False,NULL
774,81,"ghee","40.0","ml",False,NULL
775,81,"curd","240.0","ml",False,NULL
776,81,"garam masala","7.5","g",False,NULL
777,81,"coriander","8.5","g",False,NULL
778,81,"red chili","5.0","g",False,NULL
779,81,"turmeric","7.5","g",False,NULL
780,81,"cumin","5.0","g",False,NULL
781,81,"onion","100.0","g",False,NULL
782,81,"green chili","1.0","g",True,NULL
783,81,"garlic","5.0","g",False,NULL
784,81,"tomato","300.0","g",False,NULL
785,81,"salt","1.0","g",True,NULL
786,81,"potato","150.0","g",False,NULL
787,81,"mint","1.0","g",False,NULL
788,82,"chicken","1000.0","g",False,NULL
789,82,"rice","480.0","g",False,NULL
790,82,"yogurt","240.0","ml",False,NULL
791,82,"onion","200.0","g",False,NULL
792,82,"garlic","15.0","g",False,NULL
793,82,"ginger","15.0","g",False,NULL
794,82,"chili","15.0","g",False,NULL
795,82,"tomato","100.0","g",False,NULL
796,82,"coriander","135.0","g",False,NULL
797,82,"turmeric","2.5","g",False,NULL
798,82,"garam masala","5.0","g",False,NULL
799,82,"cinnamon","15.0","g",False,NULL
800,82,"mint","120.0","g",False,NULL
801,82,"lemon","30.0","g",False,NULL
802,82,"oil","45.0","ml",False,NULL
803,82,"salt","1.0","g",True,NULL
804,82,"water","1.0","ml",True,NULL
805,84,"paneer","250.0","g",False,NULL
806,84,"butter","45.0","g",False,NULL
807,84,"salt","1.0","g",True,NULL
808,84,"turmeric","1.25","g",False,NULL
809,84,"red chili","9.0","g",False,NULL
810,84,"cashew","15.0","g",False,NULL
811,84,"tomato","300.0","g",False,NULL
812,84,"cumin","5.0","g",False,NULL
813,84,"green chili","5.0","g",False,NULL
814,84,"onion","100.0","g",False,NULL
815,84,"garlic","15.0","g",False,NULL
816,84,"kasoori","5.0","g",False,NULL
817,84,"coriander","1.0","g",False,NULL
818,85,"mixed","300.0","g",False,NULL
819,85,"water","1.0","ml",False,NULL
820,85,"turmeric","2.5","g",False,NULL
821,85,"red chili","5.0","g",False,NULL
822,85,"cumin","10.0","g",False,NULL
823,85,"oil","30.0","ml",False,NULL
824,85,"garlic","15.0","g",False,NULL
825,85,"green peas","1.0","g",True,NULL
826,85,"onion","200.0","g",False,NULL
827,85,"tomato","200.0","g",False,NULL
828,85,"salt","1.0","g",True,NULL
829,85,"garam masala","2.5","g",False,NULL
830,85,"fenugreek","2.5","g",False,NULL
831,85,"coriander","1.0","g",False,NULL
832,85,"ghee","10.0","ml",False,NULL
833,85,"ginger","5.0","g",False,NULL
834,85,"kashmiri chilli powder","2.5","g",False,NULL
835,86,"cumin","45.0","g",False,NULL
836,86,"mustard","1.0","g",True,NULL
837,86,"bay leaves","2.0","g",False,NULL
838,86,"red chili","4.0","g",False,NULL
839,86,"+ asafoetida","30.0","g",False,NULL
840,86,"onion","240.0","g",False,NULL
841,86,"chili","2.0","g",True,NULL
842,86,"tomato","600.0","g",False,NULL
843,86,"turmeric","1.0","g",True,NULL
844,86,"coriander","1.0","g",True,NULL
845,86,"garam masala","15.0","g",False,NULL
846,86,"salt","1.0","g",True,NULL
847,86,"bean","240.0","g",False,NULL
848,86,"water","1.0","ml",True,NULL
849,86,"kasuri powder","2.5","g",False,NULL
850,86,"masala","15.0","g",False,NULL
851,87,"pea","240.0","g",False,NULL
852,87,"semolina","480.0","g",False,NULL
853,87,"water","600.0","ml",True,NULL
854,87,"salt","10.0","g",True,NULL
855,87,"sugar","10.0","g",False,NULL
856,87,"yogurt","10.0","ml",False,NULL
857,87,"onion","200.0","g",False,NULL
858,87,"anardana pomegranate seeds","5.0","g",False,NULL
859,87,"tea","10.0","g",False,NULL
860,87,"cardamom","15.0","g",False,NULL
861,87,"black pepper","5.0","g",False,NULL
862,87,"clove","0.4","g",False,NULL
863,87,"garlic","5.0","g",False,NULL
864,87,"tomato","200.0","g",False,NULL
865,87,"chili","5.0","g",False,NULL
866,87,"coriander","5.0","g",False,NULL
867,87,"cumin","5.0","g",False,NULL
868,87,"potato","150.0","g",False,NULL
869,87,"ghee","15.0","ml",False,NULL
870,87,"ajwain carom seeds","22.5","g",False,NULL
871,87,"oil","1.0","ml",True,NULL
872,88,"lentil","720.0","g",False,NULL
873,88,"salt","1.0","g",True,NULL
874,88,"turmeric","7.5","g",False,NULL
875,88,"ghee","45.0","ml",False,NULL
876,88,"cumin","45.0","g",False,NULL
877,88,"garlic","5.0","g",False,NULL
878,88,"chili","26.0","g",False,NULL
879,88,"onion","100.0","g",False,NULL
880,88,"tomato","700.0","g",False,NULL
881,88,"rice","240.0","g",False,NULL
882,88,"water","480.0","ml",False,NULL
883,89,"rice","480.0","g",False,NULL
884,89,"lemon","30.0","g",False,NULL
885,89,"mustard","5.0","g",False,NULL
886,89,"green chili","5.0","g",False,NULL
887,89,"curry leafs","10.0","g",False,NULL
888,89,"turmeric","1.25","g",False,NULL
889,89,"pea","30.0","g",False,NULL
890,89,"oil","30.0","ml",False,NULL
891,89,"salt","1.0","g",True,NULL
892,90,"rice","480.0","g",False,NULL
893,90,"yogurt","240.0","ml",False,NULL
894,90,"mustard","5.0","g",False,NULL
895,90,"urad urundu","5.0","g",False,NULL
896,90,"fenugreek","1.25","g",False,NULL
897,90,"curry leafs","1.0","g",False,NULL
898,90,"green chili","5.0","g",False,NULL
899,90,"garlic","2.0","g",False,NULL
900,90,"pea","30.0","g",False,NULL
901,90,"oil","30.0","ml",False,NULL
902,90,"coriander","30.0","g",False,NULL
903,91,"rice","240.0","g",False,NULL
904,91,"water","480.0","ml",False,NULL
905,91,"potato","150.0","g",False,NULL
906,91,"green peas","120.0","g",False,NULL
907,91,"garlic","5.0","g",False,NULL
908,91,"green chili","5.0","g",False,NULL
909,91,"coriander","6.0","g",False,NULL
910,91,"chili","2.5","g",False,NULL
911,91,"turmeric","1.25","g",False,NULL
912,91,"pav bhaji masala","5.0","g",False,NULL
913,91,"garam masala","2.5","g",False,NULL
914,91,"ghee","10.0","ml",False,NULL
915,91,"salt","1.0","g",True,NULL
916,91,"lemon","50.0","g",False,NULL
917,92,"mushroom","250.0","g",False,NULL
918,92,"onion","100.0","g",False,NULL
919,92,"tomato","200.0","g",False,NULL
920,92,"garlic","15.0","g",False,NULL
921,92,"green chili","5.0","g",False,NULL
922,92,"turmeric","2.5","g",False,NULL
923,92,"chili","5.0","g",False,NULL
924,92,"coriander","6.0","g",False,NULL
925,92,"garam masala","2.5","g",False,NULL
926,92,"cumin","2.5","g",False,NULL
927,92,"oil","30.0","ml",False,NULL
928,92,"cream","30.0","ml",False,NULL
929,92,"salt","1.0","g",True,NULL
930,93,"coriander","45.0","g",False,NULL
931,93,"cumin","5.0","g",False,NULL
932,93,"black pepper","5.0","g",False,NULL
933,93,"red chili","5.0","g",False,NULL
934,93,"oil","45.0","ml",False,NULL
935,93,"paneer","250.0","g",False,NULL
936,93,"onion","100.0","g",False,NULL
937,93,"capsicum","100.0","g",False,NULL
938,93,"garlic","15.0","g",False,NULL
939,93,"tomato","240.0","g",False,NULL
940,93,"salt","1.0","g",True,NULL
941,93,"turmeric","2.5","g",False,NULL
942,93,"cream","30.0","ml",False,NULL
943,93,"water","60.0","ml",False,NULL
944,93,"cashew","15.0","g",False,NULL
945,94,"spinach","300.0","g",False,NULL
946,94,"water","361.0","ml",True,NULL
947,94,"sugar","5.0","g",False,NULL
948,94,"green chili","10.0","g",False,NULL
949,94,"coriander","6.0","g",False,NULL
950,94,"tomato","300.0","g",False,NULL
951,94,"ginger","1.0","g",False,NULL
952,94,"garlic","8.0","g",False,NULL
953,94,"cashew","7.5","g",False,NULL
954,94,"oil","30.0","ml",False,NULL
955,94,"cumin","5.0","g",False,NULL
956,94,"bay leaves","2.0","g",False,NULL
957,94,"onion","200.0","g",False,NULL
958,94,"salt","1.0","g",True,NULL
959,94,"chili","10.0","g",False,NULL
960,94,"turmeric","1.25","g",False,NULL
961,94,"garam masala","5.0","g",False,NULL
962,94,"cream","15.0","ml",False,NULL
963,94,"butter","15.0","g",False,NULL
964,94,"paneer","300.0","g",False,NULL
965,94,"ghee","10.0","ml",False,NULL
966,95,"potato","300.0","g",False,NULL
967,95,"cauliflower","1.0","g",False,NULL
968,95,"oil","30.0","ml",False,NULL
969,95,"cumin","5.0","g",False,NULL
970,95,"ginger","1.0","g",False,NULL
971,95,"garlic","3.0","g",False,NULL
972,95,"turmeric","2.5","g",False,NULL
973,95,"chili","5.0","g",False,NULL
974,95,"coriander","5.0","g",False,NULL
975,95,"tomato","100.0","g",False,NULL
976,95,"salt","1.0","g",True,NULL
977,95,"cilantro","1.0","g",False,NULL
978,96,"cauliflower","480.0","g",False,NULL
979,96,"onion","100.0","g",False,NULL
980,96,"tomato","200.0","g",False,NULL
981,96,"garlic","15.0","g",False,NULL
982,96,"green chili","5.0","g",False,NULL
983,96,"turmeric","2.5","g",False,NULL
984,96,"chili","5.0","g",False,NULL
985,96,"coriander","16.0","g",False,NULL
986,96,"garam masala","2.5","g",False,NULL
987,96,"salt","1.0","g",True,NULL
988,96,"oil","30.0","ml",False,NULL
989,96,"water","240.0","ml",False,NULL
990,97,"chicken","500.0","g",False,NULL
991,97,"garlic","15.0","g",False,NULL
992,97,"ginger","15.0","g",False,NULL
993,97,"red chili","5.0","g",False,NULL
994,97,"salt","1.0","g",True,NULL
995,97,"oil","30.0","ml",False,NULL
996,97,"onion","100.0","g",False,NULL
997,97,"butter","30.0","g",False,NULL
998,97,"tomato","300.0","g",False,NULL
999,97,"cashew","15.0","g",False,NULL
1000,97,"water","240.0","ml",False,NULL
1001,97,"vinegar","5.0","ml",False,NULL
1002,97,"sugar","5.0","g",False,NULL
1003,97,"garam masala powder","5.0","g",False,NULL
1004,97,"cream","75.0","ml",False,NULL
1005,97,"fenugreek","5.0","g",False,NULL
1006,98,"fish","500.0","g",False,NULL
1007,98,"onion","100.0","g",False,NULL
1008,98,"tomato","200.0","g",False,NULL
1009,98,"ginger","15.0","g",False,NULL
1010,98,"garlic","15.0","g",False,NULL
1011,98,"turmeric","2.5","g",False,NULL
1012,98,"chili","5.0","g",False,NULL
1013,98,"mustard","5.0","g",False,NULL
1014,98,"coriander","15.0","g",False,NULL
1015,98,"cumin","5.0","g",False,NULL
1016,98,"oil","45.0","ml",False,NULL
1017,98,"salt","1.0","g",True,NULL
1018,98,"water","240.0","ml",False,NULL
1019,99,"egg","300.0","g",False,NULL
1020,99,"onion","200.0","g",False,NULL
1021,99,"tomato","200.0","g",False,NULL
1022,99,"garlic","4.0","g",False,NULL
1023,99,"ginger","1.0","g",False,NULL
1024,99,"green chili","5.0","g",False,NULL
1025,99,"oil","45.0","ml",False,NULL
1026,99,"coriander","16.0","g",False,NULL
1027,99,"chili","5.0","g",False,NULL
1028,99,"turmeric","2.5","g",False,NULL
1029,99,"garam masala","5.0","g",False,NULL
1030,99,"salt","1.0","g",True,NULL
1031,99,"water","240.0","ml",False,NULL
1032,100,"chicken","1000.0","g",False,NULL
1033,100,"yogurt","120.0","ml",False,NULL
1034,100,"onion","200.0","g",False,NULL
1035,100,"tomato","240.0","g",False,NULL
1036,100,"cashew","60.0","g",False,NULL
1037,100,"cream","60.0","ml",False,NULL
1038,100,"ginger","15.0","g",False,NULL
1039,100,"garlic","15.0","g",False,NULL
1040,100,"chili","5.0","g",False,NULL
1041,100,"turmeric","2.5","g",False,NULL
1042,100,"garam masala","5.0","g",False,NULL
1043,100,"coriander","15.0","g",False,NULL
1044,100,"oil","45.0","ml",False,NULL
1045,100,"salt","1.0","g",True,NULL
1046,100,"water","1.0","ml",True,NULL
1047,101,"oil","1.0","ml",True,NULL
1048,101,"butter","360.0","g",False,NULL
1049,101,"water","600.0","ml",False,NULL
1050,101,"cinnamon","1.0","g",False,NULL
1051,101,"bay leaves","2.0","g",False,NULL
1052,101,"clove","0.3","g",False,NULL
1053,101,"cardamom","0.4","g",False,NULL
1054,101,"cumin","7.5","g",False,NULL
1055,101,"tomato","1080.0","g",False,NULL
1056,101,"green chili","15.0","g",False,NULL
1057,101,"black pepper","2.5","g",False,NULL
1058,101,"ginger","30.0","g",False,NULL
1059,101,"turmeric","2.5","g",False,NULL
1060,101,"chili","5.0","g",False,NULL
1061,101,"coriander","36.0","g",False,NULL
1062,101,"salt","1.0","g",True,NULL
1063,101,"cashew","60.0","g",False,NULL
1064,101,"paneer","240.0","g",False,NULL
1065,101,"potato","240.0","g",False,NULL
1066,101,"flour","15.0","g",False,NULL
1067,101,"sugar","5.0","g",False,NULL
1068,101,"cream","30.0","ml",False,NULL
1069,102,"okra","500.0","g",False,NULL
1070,102,"red chili","6.0","g",True,NULL
1071,102,"turmeric","1.0","g",True,NULL
1072,102,"salt","7.5","g",True,NULL
1073,102,"lemon","1.0","g",False,NULL
1074,102,"flour","1.0","g",True,NULL
1075,102,"oil","30.0","ml",True,NULL
1076,102,"cumin","10.0","g",False,NULL
1077,102,"onion","100.0","g",False,NULL
1078,102,"green chili","5.0","g",False,NULL
1079,102,"ginger","1.0","g",False,NULL
1080,102,"tomato","200.0","g",False,NULL
1081,102,"yogurt","120.0","ml",False,NULL
1082,102,"coriander","5.0","g",False,NULL
1083,102,"asafoetida",NULL,NULL,False,NULL
1084,103,"egg","50.0","g",False,NULL
1085,103,"onion","100.0","g",False,NULL
1086,103,"tomato","100.0","g",False,NULL
1087,103,"green chili","5.0","g",False,NULL
1088,103,"garlic","2.0","g",False,NULL
1089,103,"ginger","1.0","g",False,NULL
1090,103,"oil","30.0","ml",False,NULL
1091,103,"cumin","5.0","g",False,NULL
1092,103,"turmeric","2.5","g",False,NULL
1093,103,"chili","2.5","g",False,NULL
1094,103,"salt","1.0","g",True,NULL
1095,103,"cilantro","30.0","g",False,NULL
1096,104,"oil","60.0","ml",False,NULL
1097,104,"cumin","52.5","g",False,NULL
1098,104,"green chili","10.0","g",False,NULL
1099,104,"onion","200.0","g",False,NULL
1100,104,"tomato","200.0","g",False,NULL
1101,104,"bay leaves","2.0","g",False,NULL
1102,104,"cinnamon","5.0","g",False,NULL
1103,104,"clove","0.4","g",False,NULL
1104,104,"cardamom","0.6","g",False,NULL
1105,104,"garlic","15.0","g",False,NULL
1106,104,"turmeric","5.0","g",False,NULL
1107,104,"red chili","52.5","g",False,NULL
1108,104,"coriander","5.0","g",False,NULL
1109,104,"garam masala","5.0","g",False,NULL
1110,104,"water","240.0","ml",False,NULL
1111,104,"green peas","240.0","g",False,NULL
1112,104,"paneer","200.0","g",False,NULL
1113,104,"salt","1.0","g",True,NULL
1114,105,"chicken","500.0","g",False,NULL
1115,105,"yogurt","240.0","ml",False,NULL
1116,105,"cream","120.0","ml",False,NULL
1117,105,"onion","100.0","g",False,NULL
1118,105,"garlic","15.0","g",False,NULL
1119,105,"ginger","15.0","g",False,NULL
1120,105,"cashew","60.0","g",False,NULL
1121,105,"almond","60.0","g",False,NULL
1122,105,"cardamom","0.8","g",False,NULL
1123,105,"clove","0.4","g",False,NULL
1124,105,"cinnamon","1.0","g",False,NULL
1125,105,"turmeric","2.5","g",False,NULL
1126,105,"chili","2.5","g",False,NULL
1127,105,"garam masala","5.0","g",False,NULL
1128,105,"oil","45.0","ml",False,NULL
1129,105,"salt","1.0","g",True,NULL
1130,105,"water","1.0","ml",True,NULL
1131,106,"rice","480.0","g",False,NULL
1132,106,"capsicum","240.0","g",False,NULL
1133,106,"oil","30.0","ml",False,NULL
1134,106,"soy","15.0","ml",False,NULL
1135,106,"garlic","5.0","g",False,NULL
1136,106,"salt","1.0","g",True,NULL
1137,106,"pepper","2.5","g",False,NULL
1138,106,"onion","30.0","g",False,NULL
1139,106,"egg","100.0","g",True,NULL
1140,107,"chicken","240.0","g",False,NULL
1141,107,"oil","30.0","ml",False,NULL
1142,107,"garlic","5.0","g",False,NULL
1143,107,"onion","125.0","g",False,NULL
1144,107,"black pepper","2.5","g",False,NULL
1145,107,"soy","45.0","ml",False,NULL
1146,107,"mixed vegetables","240.0","g",False,NULL
1147,107,"egg","100.0","g",False,NULL
1148,107,"rice","480.0","g",False,NULL
1149,108,"onion","300.0","g",False,NULL
1150,108,"egg","100.0","g",False,NULL
1151,108,"salt","1.0","g",True,NULL
1152,108,"black pepper","1.0","g",True,NULL
1153,108,"rice","720.0","g",False,NULL
1154,108,"frozen mixed vegetables","240.0","g",False,NULL
1155,108,"soy","30.0","ml",False,NULL
1156,108,"sugar","5.0","g",False,NULL
1157,108,"pepper","1.25","g",False,NULL
1158,108,"sauce","15.0","ml",False,NULL
1159,109,"noodles","200.0","g",False,NULL
1160,109,"water","2.0","ml",False,NULL
1161,109,"oil","75.0","ml",False,NULL
1162,109,"garlic","15.0","g",False,NULL
1163,109,"onion","130.0","g",False,NULL
1164,109,"ginger","1.0","g",False,NULL
1165,109,"carrot","100.0","g",False,NULL
1166,109,"bean","5.0","g",False,NULL
1167,109,"cabbage","240.0","g",False,NULL
1168,109,"salt","1.0","g",True,NULL
1169,109,"soy","30.0","ml",False,NULL
1170,109,"pepper","5.0","g",False,NULL
1171,110,"bean","240.0","g",False,NULL
1172,110,"ghee","30.0","ml",False,NULL
1173,110,"bay leaf","1.0","g",True,NULL
1174,110,"cumin","6.25","g",True,NULL
1175,110,"onion","240.0","g",False,NULL
1176,110,"green chili","5.0","g",False,NULL
1177,110,"garlic","52.5","g",False,NULL
1178,110,"tomato","2520.0","g",False,NULL
1179,110,"red chili","2.5","g",False,NULL
1180,110,"water","3.75","ml",False,NULL
1181,110,"coriander","82.5","g",False,NULL
1182,110,"turmeric","1.25","g",False,NULL
1183,110,"salt","2.5","g",False,NULL
1184,110,"fenugreek","7.5","g",False,NULL
1185,110,"ginger","1.0","g",True,NULL
1186,110,"cream","30.0","ml",True,NULL
1187,111,"rice","240.0","g",False,NULL
1188,111,"water","720.0","ml",False,NULL
1189,111,"salt","1.0","g",True,NULL
1190,111,"turmeric","2.5","g",False,NULL
1191,111,"red chili","13.0","g",False,NULL
1192,111,"sambar powder","15.0","g",False,NULL
1193,111,"fenugreek","2.5","g",False,NULL
1194,111,"onion","100.0","g",False,NULL
1195,111,"tomato","100.0","g",False,NULL
1196,111,"lemon","1.0","g",False,NULL
1197,111,"ghee","15.0","ml",False,NULL
1198,111,"oil","30.0","ml",False,NULL
1199,111,"curry leafs",NULL,NULL,False,NULL
1200,112,"rice","240.0","g",False,NULL
1201,112,"tamarind paste","15.0","g",False,NULL
1202,112,"tomato","100.0","g",False,NULL
1203,112,"mustard","5.0","g",False,NULL
1204,112,"cumin","5.0","g",False,NULL
1205,112,"chili","5.0","g",False,NULL
1206,112,"garlic","2.0","g",False,NULL
1207,112,"water","720.0","ml",False,NULL
1208,112,"salt","1.0","g",True,NULL
1209,112,"oil","15.0","ml",False,NULL
1210,112,"curry leafs",NULL,NULL,False,NULL
1211,113,"rice","480.0","g",False,NULL
1212,113,"tomato","200.0","g",False,NULL
1213,113,"onion","100.0","g",False,NULL
1214,113,"garlic","15.0","g",False,NULL
1215,113,"ghee","45.0","ml",False,NULL
1216,113,"cumin","5.0","g",False,NULL
1217,113,"fennel seeds","2.5","g",False,NULL
1218,113,"pepper","2.5","g",False,NULL
1219,113,"bay leaf","1.0","g",False,NULL
1220,113,"chili","5.0","g",False,NULL
1221,113,"turmeric","2.5","g",False,NULL
1222,113,"coriander","5.0","g",False,NULL
1223,113,"salt","1.0","g",True,NULL
1224,113,"yogurt","30.0","ml",False,NULL
1225,114,"rice","480.0","g",False,NULL
1226,114,"milk","1.0","ml",False,NULL
1227,114,"water","240.0","ml",False,NULL
1228,114,"salt","1.0","g",False,NULL
1229,114,"sugar","1.0","g",False,NULL
1230,114,"lime","1.0","g",False,NULL
1231,115,"rice","240.0","g",False,NULL
1232,115,"toor","120.0","g",False,NULL
1233,115,"mixed vegetables","240.0","g",False,NULL
1234,115,"flour","480.0","g",False,NULL
1235,115,"ghee","30.0","ml",False,NULL
1236,115,"mustard","5.0","g",False,NULL
1237,115,"cumin","5.0","g",False,NULL
1238,115,"turmeric","2.5","g",False,NULL
1239,115,"chili","2.5","g",False,NULL
1240,115,"salt","1.0","g",True,NULL
1241,115,"water","1.0","ml",True,NULL
1242,117,"rice","480.0","g",False,NULL
1243,117,"pea","240.0","g",False,NULL
1244,117,"tamarind paste","30.0","g",False,NULL
1245,117,"mustard","5.0","g",False,NULL
1246,117,"curry leafs","1.0","g",False,NULL
1247,117,"green chili","10.0","g",False,NULL
1248,117,"salt","1.0","g",True,NULL
1249,117,"sugar","5.0","g",False,NULL
1250,117,"flour","240.0","g",False,NULL
1251,117,"bean","240.0","g",False,NULL
1252,118,"pea","240.0","g",False,NULL
1253,118,"rice","240.0","g",False,NULL
1254,118,"flour","480.0","g",False,NULL
1255,118,"mixed vegetables","480.0","g",False,NULL
1256,118,"yogurt","240.0","ml",False,NULL
1257,118,"ghee","30.0","ml",False,NULL
1258,118,"ginger","1.0","g",False,NULL
1259,118,"green chili","5.0","g",False,NULL
1260,118,"turmeric","2.5","g",False,NULL
1261,118,"chili","5.0","g",False,NULL
1262,118,"cumin","5.0","g",False,NULL
1263,118,"salt","1.0","g",True,NULL
1264,118,"coriander","1.0","g",False,NULL
1265,119,"rice","240.0","g",False,NULL
1266,119,"paneer","200.0","g",False,NULL
1267,119,"onion","100.0","g",False,NULL
1268,119,"green chili","5.0","g",False,NULL
1269,119,"garlic","15.0","g",False,NULL
1270,119,"cumin","5.0","g",False,NULL
1271,119,"bay leaf","1.0","g",False,NULL
1272,119,"clove","0.3","g",False,NULL
1273,119,"cardamom","0.4","g",False,NULL
1274,119,"coriander","6.0","g",False,NULL
1275,119,"oil","30.0","ml",False,NULL
1276,119,"salt","1.0","g",True,NULL
1277,119,"water","480.0","ml",False,NULL
1278,120,"ghee","45.0","ml",False,NULL
1279,120,"cumin","2.5","g",False,NULL
1280,120,"cardamom","0.4","g",False,NULL
1281,120,"cinnamon","2.0","g",False,NULL
1282,120,"clove","0.5","g",False,NULL
1283,120,"black pepper","15.0","g",False,NULL
1284,120,"ginger","1.0","g",False,NULL
1285,120,"green peas","362.0","g",False,NULL
1286,120,"cashew","15.0","g",False,NULL
1287,120,"rice","240.0","g",False,NULL
1288,120,"water","360.0","ml",False,NULL
1289,120,"salt","7.5","g",False,NULL
1290,120,"garam masala","7.5","g",False,NULL
1291,120,"lemon","50.0","g",False,NULL
1292,120,"coriander","1.0","g",False,NULL
1293,122,"rice","480.0","g",False,NULL
1294,122,"potato","360.0","g",False,NULL
1295,122,"oil","30.0","ml",False,NULL
1296,122,"yogurt","120.0","ml",False,NULL
1297,122,"garlic","15.0","g",False,NULL
1298,122,"chili","10.0","g",False,NULL
1299,122,"coriander","60.0","g",False,NULL
1300,122,"mint","60.0","g",False,NULL
1301,122,"biryani masala","30.0","g",False,NULL
1302,122,"cinnamon","15.0","g",False,NULL
1303,122,"salt","1.0","g",True,NULL
1304,122,"water","1.0","ml",True,NULL
1305,123,"rice","480.0","g",False,NULL
1306,123,"chicken","1000.0","g",False,NULL
1307,123,"yogurt","240.0","ml",False,NULL
1308,123,"onion","200.0","g",False,NULL
1309,123,"garlic","30.0","g",False,NULL
1310,123,"chili","15.0","g",False,NULL
1311,123,"milk","1.0","ml",False,NULL
1312,123,"mint","120.0","g",False,NULL
1313,123,"coriander","120.0","g",False,NULL
1314,123,"biryani masala","30.0","g",False,NULL
1315,123,"lemon","30.0","g",False,NULL
1316,123,"ghee","45.0","ml",False,NULL
1317,123,"cinnamon","15.0","g",False,NULL
1318,123,"salt","1.0","g",True,NULL
1319,124,"mustard","30.0","g",False,NULL
1320,124,"onion","200.0","g",False,NULL
1321,124,"mutton","500.0","g",False,NULL
1322,124,"garlic","15.0","g",False,NULL
1323,124,"ginger","15.0","g",False,NULL
1324,124,"chili","20.0","g",False,NULL
1325,124,"cumin","5.0","g",False,NULL
1326,124,"turmeric","2.5","g",False,NULL
1327,124,"salt","1.0","g",True,NULL
1328,124,"water","500.0","ml",False,NULL
1329,125,"toor","120.0","g",False,NULL
1330,125,"moong","120.0","g",False,NULL
1331,125,"water","1.0","ml",True,NULL
1332,125,"mustard","5.0","g",False,NULL
1333,125,"cumin","5.0","g",False,NULL
1334,125,"green peas","2.0","g",False,NULL
1335,125,"curry leafs","10.0","g",False,NULL
1336,125,"ginger","1.0","g",False,NULL
1337,125,"garlic","4.0","g",False,NULL
1338,125,"onion","100.0","g",False,NULL
1339,125,"tomato","100.0","g",False,NULL
1340,125,"salt","1.0","g",True,NULL
1341,125,"turmeric","2.5","g",False,NULL
1342,125,"red chili","2.5","g",False,NULL
1343,125,"coriander","1.0","g",False,NULL
1344,125,"asafoetida",NULL,NULL,False,NULL
1345,126,"rice","240.0","g",False,NULL
1346,126,"lentil","120.0","g",False,NULL
1347,126,"carrot","240.0","g",False,NULL
1348,126,"onion","100.0","g",False,NULL
1349,126,"tomato","100.0","g",False,NULL
1350,126,"garlic","5.0","g",False,NULL
1351,126,"green chili","5.0","g",False,NULL
1352,126,"turmeric","2.5","g",False,NULL
1353,126,"chili","2.5","g",False,NULL
1354,126,"garam masala","2.5","g",False,NULL
1355,126,"cumin","5.0","g",False,NULL
1356,126,"ghee","30.0","ml",False,NULL
1357,126,"water","720.0","ml",False,NULL
1358,126,"salt","1.0","g",True,NULL
1359,126,"coriander","1.0","g",False,NULL
1360,127,"ghee","60.0","ml",False,NULL
1361,127,"cumin","37.5","g",False,NULL
1362,127,"onion","300.0","g",False,NULL
1363,127,"garlic","22.5","g",False,NULL
1364,127,"tomato","300.0","g",False,NULL
1365,127,"salt","1.0","g",True,NULL
1366,127,"green chili","1.0","g",True,NULL
1367,127,"turmeric","22.5","g",False,NULL
1368,127,"coriander","22.5","g",False,NULL
1369,127,"pepper","22.5","g",False,NULL
1370,127,"rice","480.0","g",False,NULL
1371,127,"garam masala","30.0","g",False,NULL
1372,127,"water","1.0","ml",True,NULL
1373,127,"curry leafs",NULL,NULL,False,NULL
1374,128,"potato","240.0","g",False,NULL
1375,128,"onion","100.0","g",False,NULL
1376,128,"tomato","100.0","g",False,NULL
1377,128,"garlic","15.0","g",False,NULL
1378,128,"green chili","5.0","g",False,NULL
1379,128,"coconut","60.0","g",False,NULL
1380,128,"coriander","6.0","g",False,NULL
1381,128,"fennel seeds","2.5","g",False,NULL
1382,128,"cumin","2.5","g",False,NULL
1383,128,"turmeric","1.25","g",False,NULL
1384,128,"chili","2.5","g",False,NULL
1385,128,"garam masala","2.5","g",False,NULL
1386,128,"oil","30.0","ml",False,NULL
1387,128,"water","240.0","ml",False,NULL
1388,128,"salt","1.0","g",True,NULL
1389,130,"bottle gourd lauki","240.0","g",False,NULL
1390,130,"flour","180.0","g",False,NULL
1391,130,"green chili","5.0","g",False,NULL
1392,130,"ginger","7.5","g",False,NULL
1393,130,"turmeric","6.25","g",False,NULL
1394,130,"coriander","21.25","g",False,NULL
1395,130,"chili","7.5","g",False,NULL
1396,130,"salt","7.5","g",False,NULL
1397,130,"ajwain carom seeds","7.5","g",False,NULL
1398,130,"oil","1.0","ml",True,NULL
1399,130,"cumin","7.0","g",False,NULL
1400,130,"asafoetida","0.75","g",False,NULL
1401,130,"tomato","300.0","g",False,NULL
1402,130,"fenugreek","5.0","g",False,NULL
1403,130,"water","480.0","ml",False,NULL
1404,130,"garam masala","6.25","g",False,NULL
1405,131,"paneer","200.0","g",False,NULL
1406,131,"onion","100.0","g",False,NULL
1407,131,"tomato","100.0","g",False,NULL
1408,131,"green chili","10.0","g",False,NULL
1409,131,"oil","30.0","ml",False,NULL
1410,131,"salt","1.0","g",True,NULL
1411,131,"turmeric","1.25","g",False,NULL
1412,131,"cumin","2.5","g",False,NULL
1413,131,"chili","2.5","g",False,NULL
1414,131,"coriander","30.0","g",False,NULL
1415,132,"chicken","500.0","g",False,NULL
1416,132,"yogurt","30.0","ml",False,NULL
1417,132,"chili","25.0","g",False,NULL
1418,132,"garlic","15.0","g",False,NULL
1419,132,"flour","30.0","g",False,NULL
1420,132,"salt","1.0","g",True,NULL
1421,132,"mustard","5.0","g",False,NULL
1422,132,"oil","1.0","ml",True,NULL
1423,132,"tea","480.0","g",False,NULL
1424,132,"curry leafs",NULL,NULL,False,NULL
1425,133,"cabbage","480.0","g",False,NULL
1426,133,"flour","180.0","g",False,NULL
1427,133,"garlic","15.0","g",False,NULL
1428,133,"soy","30.0","ml",False,NULL
1429,133,"green chili","5.0","g",False,NULL
1430,133,"onion","120.0","g",False,NULL
1431,133,"rice","720.0","g",False,NULL
1432,133,"oil","1.0","ml",False,NULL
1433,133,"salt","1.0","g",True,NULL
1434,133,"pepper","2.5","g",False,NULL
1435,133,"water","1.0","ml",True,NULL
1436,134,"cauliflower","480.0","g",False,NULL
1437,134,"water","997.5","ml",False,NULL
1438,134,"salt","15.0","g",False,NULL
1439,134,"flour","135.0","g",False,NULL
1440,134,"sauce","1.0","ml",False,NULL
1441,134,"garlic","45.0","g",False,NULL
1442,134,"green chili","15.0","g",False,NULL
1443,134,"onion","101.0","g",False,NULL
1444,134,"black pepper","1.0","g",True,NULL
1445,134,"soy","15.0","ml",False,NULL
1446,134,"chili","15.0","g",False,NULL
1447,134,"ketchup","30.0","g",False,NULL
1448,135,"paneer","200.0","g",False,NULL
1449,135,"flour","120.0","g",False,NULL
1450,135,"chili","2.5","g",False,NULL
1451,135,"soy","15.0","ml",True,NULL
1452,135,"garlic","45.0","g",False,NULL
1453,135,"onion","30.0","g",False,NULL
1454,135,"capsicum","100.0","g",False,NULL
1455,135,"schezwan chutney","15.0","g",False,NULL
1456,135,"ketchup","10.0","g",False,NULL
1457,135,"pepper","7.5","g",False,NULL
1458,135,"salt","1.0","g",True,NULL
1459,135,"sauce","22.5","ml",False,NULL
1460,135,"water","360.0","ml",False,NULL
1461,136,"oil","30.0","ml",False,NULL
1462,136,"onion","130.0","g",False,NULL
1463,136,"capsicum","100.0","g",False,NULL
1464,136,"carrot","120.0","g",False,NULL
1465,136,"bean","120.0","g",False,NULL
1466,136,"mixed leaves","1.0","g",False,NULL
1467,136,"rice","480.0","g",False,NULL
1468,137,"paneer","250.0","g",False,NULL
1469,137,"butter","45.0","g",False,NULL
1470,137,"cream","60.0","ml",False,NULL
1471,137,"tomato","240.0","g",False,NULL
1472,137,"garlic","15.0","g",False,NULL
1473,137,"chili","5.0","g",False,NULL
1474,137,"garam masala","5.0","g",False,NULL
1475,137,"fenugreek","5.0","g",False,NULL
1476,137,"salt","1.0","g",True,NULL
1477,137,"flour","480.0","g",False,NULL
1478,137,"yeast","5.0","g",False,NULL
1479,137,"sugar","5.0","g",False,NULL
1480,137,"water","180.0","ml",False,NULL
1481,137,"oil","15.0","ml",False,NULL
1482,138,"chicken","500.0","g",False,NULL
1483,138,"lemon","30.0","g",False,NULL
1484,138,"turmeric","2.5","g",False,NULL
1485,138,"salt","1.0","g",True,NULL
1486,138,"oil","60.0","ml",False,NULL
1487,138,"coriander","16.0","g",False,NULL
1488,138,"fennel seeds","5.0","g",False,NULL
1489,138,"cumin","5.0","g",False,NULL
1490,138,"pepper","5.0","g",False,NULL
1491,138,"mace blades","2.0","g",False,NULL
1492,138,"clove","0.4","g",False,NULL
1493,138,"cinnamon","1.0","g",False,NULL
1494,138,"star anise","1.0","g",False,NULL
1495,138,"cardamom","0.6000000000000001","g",False,NULL
1496,138,"leaves bay","2.0","g",False,NULL
1497,138,"flour","15.0","g",False,NULL
1498,138,"garlic","6.0","g",False,NULL
1499,138,"red chili","12.0","g",False,NULL
1500,138,"coconut","240.0","g",False,NULL
1501,138,"fenugreek","2.5","g",False,NULL
1502,138,"ginger","1.0","g",False,NULL
1503,138,"tamarind","15.0","g",False,NULL
1504,138,"onion","1000.0","g",False,NULL
1505,138,"curry leafs","2.0","g",False,NULL
1506,138,"water","1.0","ml",True,NULL
1507,139,"chicken","500.0","g",False,NULL
1508,139,"fenugreek","30.0","g",False,NULL
1509,139,"cream","120.0","ml",False,NULL
1510,139,"onion","100.0","g",False,NULL
1511,139,"garlic","30.0","g",False,NULL
1512,139,"ginger","15.0","g",False,NULL
1513,139,"green chili","5.0","g",False,NULL
1514,139,"oil","30.0","ml",False,NULL
1515,139,"salt","1.0","g",True,NULL
1516,139,"black pepper","2.5","g",False,NULL
1517,139,"garam masala","5.0","g",False,NULL
1518,140,"oil","30.0","ml",False,NULL
1519,140,"cardamom","0.6","g",False,NULL
1520,140,"clove","0.3","g",False,NULL
1521,140,"mace","1.0","g",False,NULL
1522,140,"cinnamon","1.0","g",False,NULL
1523,140,"onion","100.0","g",False,NULL
1524,140,"garlic","4.0","g",False,NULL
1525,140,"ginger","1.0","g",False,NULL
1526,140,"green chili","5.0","g",False,NULL
1527,140,"cashew","15.0","g",False,NULL
1528,140,"turmeric","2.5","g",False,NULL
1529,140,"chili","5.0","g",False,NULL
1530,140,"coriander","15.0","g",False,NULL
1531,140,"cumin","5.0","g",False,NULL
1532,140,"yogurt","120.0","ml",False,NULL
1533,140,"tomato","200.0","g",False,NULL
1534,140,"salt","1.0","g",True,NULL
1535,140,"fenugreek","5.0","g",False,NULL
1536,140,"green peas","720.0","g",False,NULL
1537,140,"butter","15.0","g",False,NULL
1538,140,"cream","30.0","ml",True,NULL
1539,140,"pistachios","10.0","g",False,NULL
1540,140,"almond","12.0","g",False,NULL
1541,140,"sugar","1.0","g",True,NULL
1542,140,"saffron",NULL,NULL,False,NULL
1543,141,"potato","480.0","g",False,NULL
1544,141,"chili","5.0","g",False,NULL
1545,141,"salt","5.0","g",True,NULL
1546,141,"water","1.0","ml",True,NULL
1547,141,"oil","1.0","ml",False,NULL
1548,141,"cumin","5.0","g",False,NULL
1549,141,"bay leaves","2.0","g",False,NULL
1550,141,"cardamom","0.4","g",False,NULL
1551,141,"clove","0.3","g",False,NULL
1552,141,"yogurt","120.0","ml",False,NULL
1553,141,"fenugreek","2.5","g",False,NULL
1554,141,"asafoetida",NULL,NULL,False,NULL
1555,142,"paneer","250.0","g",False,NULL
1556,142,"mustard","5.0","g",False,NULL
1557,142,"fenugreek","2.5","g",False,NULL
1558,142,"fennel seeds","2.5","g",False,NULL
1559,142,"chili","5.0","g",False,NULL
1560,142,"turmeric","2.5","g",False,NULL
1561,142,"oil","30.0","ml",False,NULL
1562,142,"onion","100.0","g",False,NULL
1563,142,"tomato","200.0","g",False,NULL
1564,142,"garlic","15.0","g",False,NULL
1565,142,"yogurt","30.0","ml",False,NULL
1566,142,"coriander","6.0","g",False,NULL
1567,142,"salt","1.0","g",True,NULL
1568,142,"water","1.0","ml",True,NULL
1569,143,"chicken","500.0","g",False,NULL
1570,143,"black pepper","30.0","g",False,NULL
1571,143,"onion","200.0","g",False,NULL
1572,143,"garlic","6.0","g",False,NULL
1573,143,"ginger","1.0","g",False,NULL
1574,143,"green chili","10.0","g",False,NULL
1575,143,"curry leafs","1.0","g",False,NULL
1576,143,"oil","45.0","ml",False,NULL
1577,143,"salt","1.0","g",True,NULL
1578,143,"turmeric","2.5","g",False,NULL
1579,143,"chili","5.0","g",False,NULL
1580,144,"water","960.0","ml",False,NULL
1581,144,"coconut","30.0","g",False,NULL
1582,144,"chili","15.0","g",False,NULL
1583,144,"turmeric","2.5","g",False,NULL
1584,144,"coriander","15.0","g",False,NULL
1585,144,"tomato","100.0","g",False,NULL
1586,144,"fish","500.0","g",False,NULL
1587,144,"fenugreek","30.0","g",False,NULL
1588,144,"salt","1.0","g",True,NULL
1589,144,"curry leafs",NULL,NULL,False,NULL
1590,145,"pns","500.0","g",False,NULL
1591,145,"coconut","240.0","g",False,NULL
1592,145,"onion","100.0","g",False,NULL
1593,145,"garlic","4.0","g",False,NULL
1594,145,"green chili","5.0","g",False,NULL
1595,145,"mustard","5.0","g",False,NULL
1596,145,"curry leafs","10.0","g",False,NULL
1597,145,"chili","5.0","g",False,NULL
1598,145,"turmeric","2.5","g",False,NULL
1599,145,"coriander","15.0","g",False,NULL
1600,145,"tamarind paste","5.0","g",False,NULL
1601,145,"milk","240.0","ml",False,NULL
1602,145,"oil","30.0","ml",False,NULL
1603,145,"salt","1.0","g",True,NULL
1604,147,"chicken","1000.0","g",False,NULL
1605,147,"yogurt","240.0","ml",False,NULL
1606,147,"onion","200.0","g",False,NULL
1607,147,"cashew","15.0","g",False,NULL
1608,147,"nuts chironji","10.0","g",False,NULL
1609,147,"coconut","30.0","g",False,NULL
1610,147,"poppy seeds khus","15.0","g",False,NULL
1611,147,"garlic","15.0","g",False,NULL
1612,147,"ghee","60.0","ml",False,NULL
1613,147,"turmeric","1.25","g",False,NULL
1614,147,"chili","5.0","g",False,NULL
1615,147,"cardamom","1.25","g",False,NULL
1616,147,"water","10.0","ml",False,NULL
1617,147,"salt","1.0","g",True,NULL
1618,147,"coriander","1.0","g",False,NULL
1619,148,"onion","100.0","g",False,NULL
1620,148,"green chili","10.0","g",True,NULL
1621,148,"ginger","1.0","g",False,NULL
1622,148,"ghee","30.0","ml",False,NULL
1623,148,"cumin","5.0","g",False,NULL
1624,148,"red chili","5.0","g",False,NULL
1625,148,"turmeric","2.5","g",False,NULL
1626,148,"coriander","5.0","g",False,NULL
1627,148,"lentil","240.0","g",False,NULL
1628,148,"tomato","100.0","g",False,NULL
1629,148,"salt","1.0","g",True,NULL
1630,148,"spinach","480.0","g",False,NULL
1631,148,"asafoetida",NULL,NULL,False,NULL
1632,149,"yogurt","300.0","ml",False,NULL
1633,149,"red chili","1.0","g",True,NULL
1634,149,"garam masala","1.0","g",True,NULL
1635,149,"cumin","1.0","g",True,NULL
1636,149,"turmeric","1.0","g",True,NULL
1637,149,"pepper","1.0","g",True,NULL
1638,149,"garlic","1.0","g",True,NULL
1639,149,"ajwain","1.0","g",True,NULL
1640,149,"kasuri","1.0","g",True,NULL
1641,149,"pea","60.0","g",False,NULL
1642,149,"mustard","60.0","g",False,NULL
1643,149,"salt","1.0","g",True,NULL
1644,149,"paneer","1.0","g",True,NULL
1645,149,"butter","1.0","g",True,NULL
1646,149,"lemon","1.0","g",False,NULL
1647,150,"chicken","500.0","g",False,NULL
1648,150,"onion","200.0","g",False,NULL
1649,150,"garlic","15.0","g",False,NULL
1650,150,"green chili","10.0","g",False,NULL
1651,150,"turmeric","2.5","g",False,NULL
1652,150,"chili","5.0","g",False,NULL
1653,150,"coriander","10.0","g",False,NULL
1654,150,"mustard","2.5","g",False,NULL
1655,150,"curry leafs","1.0","g",False,NULL
1656,150,"cinnamon","1.0","g",False,NULL
1657,150,"clove","0.3","g",False,NULL
1658,150,"cardamom","0.4","g",False,NULL
1659,150,"milk","240.0","ml",False,NULL
1660,150,"oil","30.0","ml",False,NULL
1661,150,"salt","1.0","g",True,NULL
1662,151,"chicken","500.0","g",False,NULL
1663,151,"onion","300.0","g",False,NULL
1664,151,"ginger","15.0","g",False,NULL
1665,151,"garlic","15.0","g",False,NULL
1666,151,"tomato","200.0","g",False,NULL
1667,151,"yogurt","120.0","ml",False,NULL
1668,151,"green chili","10.0","g",False,NULL
1669,151,"coriander","16.0","g",False,NULL
1670,151,"chili","5.0","g",False,NULL
1671,151,"turmeric","2.5","g",False,NULL
1672,151,"garam masala","5.0","g",False,NULL
1673,151,"cumin","5.0","g",False,NULL
1674,151,"oil","45.0","ml",False,NULL
1675,151,"salt","1.0","g",True,NULL
1676,152,"egg","200.0","g",False,NULL
1677,152,"onion","100.0","g",False,NULL
1678,152,"tomato","200.0","g",False,NULL
1679,152,"garlic","15.0","g",False,NULL
1680,152,"green chili","5.0","g",False,NULL
1681,152,"oil","30.0","ml",False,NULL
1682,152,"garam masala","5.0","g",False,NULL
1683,152,"turmeric","2.5","g",False,NULL
1684,152,"chili","5.0","g",False,NULL
1685,152,"coriander","6.0","g",False,NULL
1686,152,"salt","1.0","g",True,NULL
1687,152,"water","120.0","ml",False,NULL
1688,152,"chapati","4.0","g",False,NULL
1689,153,"oil","30.0","ml",False,NULL
1690,153,"cumin","3.5","g",False,NULL
1691,153,"chili","13.5","g",False,NULL
1692,153,"garlic","2.5","g",False,NULL
1693,153,"capsicum","1.0","g",False,NULL
1694,153,"onion","1.0","g",False,NULL
1695,153,"cauliflower","1.0","g",False,NULL
1696,153,"paneer","1.0","g",False,NULL
1697,153,"syrup","30.0","ml",False,NULL
1698,153,"salt","1.0","g",True,NULL
1699,153,"turmeric","0.5","g",False,NULL
1700,153,"coriander","16.0","g",True,NULL
1701,153,"garam masala","1.0","g",True,NULL
1702,153,"ladle yellow gravy","1.0","g",False,NULL
1703,153,"tomato","2.5","g",False,NULL
1704,153,"white gravy","2.5","g",False,NULL
1705,153,"ghee","15.0","ml",False,NULL
1706,153,"butter","15.0","g",False,NULL
1707,153,"cream","45.0","ml",False,NULL
1708,153,"garnish papad","1.0","g",True,NULL
1709,153,"masala","30.0","g",False,NULL
1710,154,"okra","250.0","g",False,NULL
1711,154,"oil","30.0","ml",False,NULL
1712,154,"mustard","5.0","g",False,NULL
1713,154,"cumin","5.0","g",False,NULL
1714,154,"onion","100.0","g",False,NULL
1715,154,"tomato","100.0","g",False,NULL
1716,154,"turmeric","2.5","g",False,NULL
1717,154,"chili","5.0","g",False,NULL
1718,154,"coriander","5.0","g",False,NULL
1719,154,"garam masala","2.5","g",False,NULL
1720,154,"salt","1.0","g",True,NULL
1721,155,"mustard","45.0","g",False,NULL
1722,155,"cumin","7.5","g",False,NULL
1723,155,"red chili","4.0","g",False,NULL
1724,155,"cinnamon","1.0","g",False,NULL
1725,155,"cardamom","0.8","g",False,NULL
1726,155,"bay leaves","2.0","g",False,NULL
1727,155,"pepper","6.0","g",False,NULL
1728,155,"paneer","255.25","g",False,NULL
1729,155,"bulb","1.0","g",False,NULL
1730,155,"ginger","5.0","g",False,NULL
1731,155,"chili","12.5","g",False,NULL
1732,155,"turmeric","2.5","g",False,NULL
1733,155,"tomato","200.0","g",False,NULL
1734,155,"salt","1.0","g",True,NULL
1735,155,"yogurt","120.0","ml",False,NULL
1736,155,"coriander","6.0","g",False,NULL
1737,155,"water","1.0","ml",True,NULL
1738,155,"green chili","10.0","g",False,NULL
1739,155,"cream","30.0","ml",False,NULL
1740,157,"egg","300.0","g",False,NULL
1741,157,"onion","100.0","g",False,NULL
1742,157,"tomato","200.0","g",False,NULL
1743,157,"garlic","15.0","g",False,NULL
1744,157,"mustard","5.0","g",False,NULL
1745,157,"turmeric","2.5","g",False,NULL
1746,157,"chili","5.0","g",False,NULL
1747,157,"coriander","16.0","g",False,NULL
1748,157,"garam masala","2.5","g",False,NULL
1749,157,"salt","1.0","g",True,NULL
1750,157,"oil","45.0","ml",False,NULL
1751,158,"cauliflower","480.0","g",False,NULL
1752,158,"onion","100.0","g",False,NULL
1753,158,"tomato","200.0","g",False,NULL
1754,158,"garlic","15.0","g",False,NULL
1755,158,"chili","5.0","g",False,NULL
1756,158,"kolhapuri masala","30.0","g",False,NULL
1757,158,"coriander","6.0","g",False,NULL
1758,158,"cumin","5.0","g",False,NULL
1759,158,"clove","0.3","g",False,NULL
1760,158,"cinnamon","1.0","g",False,NULL
1761,158,"coconut","30.0","g",False,NULL
1762,158,"oil","45.0","ml",False,NULL
1763,158,"salt","1.0","g",True,NULL
1764,158,"water","1.0","ml",True,NULL
1765,159,"chicken","1000.0","g",False,NULL
1766,159,"yogurt","120.0","ml",False,NULL
1767,159,"onion","200.0","g",False,NULL
1768,159,"tomato","200.0","g",False,NULL
1769,159,"garlic","15.0","g",False,NULL
1770,159,"ginger","15.0","g",False,NULL
1771,159,"green chili","10.0","g",False,NULL
1772,159,"cream","60.0","ml",False,NULL
1773,159,"coriander","16.0","g",False,NULL
1774,159,"chili","5.0","g",False,NULL
1775,159,"turmeric","2.5","g",False,NULL
1776,159,"garam masala","5.0","g",False,NULL
1777,159,"cumin","5.0","g",False,NULL
1778,159,"oil","45.0","ml",False,NULL
1779,159,"salt","1.0","g",True,NULL
1780,160,"oil","75.0","ml",False,NULL
1781,160,"cumin","10.0","g",False,NULL
1782,160,"garlic","23.0","g",False,NULL
1783,160,"ginger","2.0","g",False,NULL
1784,160,"green chili","20.0","g",False,NULL
1785,160,"onion","500.0","g",False,NULL
1786,160,"bay leaves","3.0","g",False,NULL
1787,160,"cinnamon","1.0","g",False,NULL
1788,160,"cardamom","0.6","g",False,NULL
1789,160,"tomato","500.0","g",False,NULL
1790,160,"coriander","65.0","g",False,NULL
1791,160,"salt","1.0","g",True,NULL
1792,160,"chili","30.0","g",False,NULL
1793,160,"turmeric","5.0","g",False,NULL
1794,160,"cashew","22.5","g",False,NULL
1795,160,"mahua seeds mahogany","45.0","g",False,NULL
1796,160,"water","1.0","ml",True,NULL
1797,160,"paneer","500.0","g",False,NULL
1798,160,"capsicum","100.0","g",False,NULL
1799,160,"cream","45.0","ml",False,NULL
1800,160,"butter","30.0","g",False,NULL
1801,160,"fenugreek","7.5","g",False,NULL
1802,160,"homemade garam masala","0.5","g",False,NULL
1803,160,"sugar","0.5","g",False,NULL
1804,161,"pea","250.0","g",False,NULL
1805,161,"water","1.0","ml",True,NULL
1806,161,"turmeric","7.5","g",False,NULL
1807,161,"cumin","27.5","g",False,NULL
1808,161,"coriander","247.5","g",False,NULL
1809,161,"fennel powder","7.5","g",False,NULL
1810,161,"salt","1.0","g",True,NULL
1811,161,"seedless tamarind","75.0","g",False,NULL
1812,161,"seedless dates","250.0","g",False,NULL
1813,161,"jaggery","750.0","g",False,NULL
1814,161,"green peas","26.0","g",False,NULL
1815,161,"ginger","6.5","g",False,NULL
1816,161,"red chili","15.0","g",False,NULL
1817,161,"black pepper","1.0","g",False,NULL
1818,161,"mint","360.0","g",False,NULL
1819,161,"potato","1950.0","g",False,NULL
1820,161,"flour","15.0","g",False,NULL
1821,161,"mango powder amchur","5.0","g",False,NULL
1822,161,"ghee","1.0","ml",False,NULL
1823,162,"chicken","0.5","g",False,NULL
1824,162,"salt","5.0","g",True,NULL
1825,162,"pepper","10.0","g",False,NULL
1826,162,"lemon","165.0","g",False,NULL
1827,162,"yogurt","30.0","ml",False,NULL
1828,162,"oil","30.0","ml",False,NULL
1829,162,"onion","200.0","g",False,NULL
1830,162,"garlic","6.0","g",False,NULL
1831,162,"ginger","1.0","g",False,NULL
1832,162,"green chili","25.0","g",False,NULL
1833,162,"cashew","15.0","g",False,NULL
1834,162,"water","90.0","ml",False,NULL
1835,162,"garam masala","7.5","g",False,NULL
1836,162,"cumin","5.0","g",False,NULL
1837,162,"fenugreek","5.0","g",False,NULL
1838,163,"mushroom","250.0","g",False,NULL
1839,163,"black pepper","5.0","g",False,NULL
1840,163,"mustard","2.5","g",False,NULL
1841,163,"curry leafs","1.0","g",False,NULL
1842,163,"green chili","5.0","g",False,NULL
1843,163,"oil","30.0","ml",False,NULL
1844,163,"salt","1.0","g",True,NULL
1845,164,"bean","240.0","g",False,NULL
1846,164,"water","960.0","ml",False,NULL
1847,164,"onion","100.0","g",False,NULL
1848,164,"tomato","200.0","g",False,NULL
1849,164,"garlic","15.0","g",False,NULL
1850,164,"green chili","5.0","g",False,NULL
1851,164,"cumin","5.0","g",False,NULL
1852,164,"turmeric","2.5","g",False,NULL
1853,164,"chili","5.0","g",False,NULL
1854,164,"coriander","16.0","g",False,NULL
1855,164,"garam masala","5.0","g",False,NULL
1856,164,"salt","1.0","g",True,NULL
1857,164,"oil","30.0","ml",False,NULL
1858,165,"pea","240.0","g",False,NULL
1859,165,"flour","480.0","g",False,NULL
1860,165,"onion","100.0","g",False,NULL
1861,165,"tomato","200.0","g",False,NULL
1862,165,"garlic","15.0","g",False,NULL
1863,165,"oil","45.0","ml",False,NULL
1864,165,"ghee","30.0","ml",False,NULL
1865,165,"chole masala","30.0","g",False,NULL
1866,165,"chili","5.0","g",False,NULL
1867,165,"turmeric","2.5","g",False,NULL
1868,165,"salt","1.0","g",True,NULL
1869,165,"water","1.0","ml",True,NULL
1870,167,"tomato","400.0","g",False,NULL
1871,167,"onion","200.0","g",False,NULL
1872,167,"oil","15.0","ml",False,NULL
1873,167,"yogurt","240.0","ml",False,NULL
1874,167,"cashew","12.0","g",False,NULL
1875,167,"butter","120.0","g",False,NULL
1876,167,"green chili","10.0","g",False,NULL
1877,167,"carrot","240.0","g",False,NULL
1878,167,"cauliflower","240.0","g",False,NULL
1879,167,"bean","240.0","g",False,NULL
1880,167,"paneer","120.0","g",True,NULL
1881,167,"salt","1.0","g",True,NULL
1882,167,"water","1.0","ml",True,NULL
1883,167,"honey","5.0","g",False,NULL
1884,167,"asafoetida",NULL,NULL,False,NULL
1885,168,"tomato","400.0","g",False,NULL
1886,168,"ginger","6.0","g",False,NULL
1887,168,"green chili","25.0","g",False,NULL
1888,168,"red chili","9.0","g",False,NULL
1889,168,"oil","60.0","ml",False,NULL
1890,168,"cumin","10.0","g",False,NULL
1891,168,"cinnamon","1.0","g",False,NULL
1892,168,"bay leaves","2.0","g",False,NULL
1893,168,"cardamom","0.6","g",False,NULL
1894,168,"clove","0.3","g",False,NULL
1895,168,"pepper","7.0","g",False,NULL
1896,168,"cashew","30.0","g",False,NULL
1897,168,"turmeric","5.0","g",False,NULL
1898,168,"coriander","6.0","g",False,NULL
1899,168,"capsicum","100.0","g",True,NULL
1900,168,"water","240.0","ml",False,NULL
1901,168,"salt","5.0","g",False,NULL
1902,168,"paneer","2520.0","g",False,NULL
1903,168,"butter","15.0","g",False,NULL
1904,168,"cream","30.0","ml",True,NULL
1905,168,"asafoetida",NULL,NULL,False,NULL
1906,169,"coriander","30.0","g",False,NULL
1907,169,"cumin","5.0","g",False,NULL
1908,169,"red chili","31.0","g",False,NULL
1909,169,"black pepper","5.0","g",False,NULL
1910,169,"clove","0.4","g",False,NULL
1911,169,"cardamom","0.4","g",False,NULL
1912,169,"almond","6.0","g",False,NULL
1913,169,"cashew","7.5","g",False,NULL
1914,169,"chicken","1000.0","g",False,NULL
1915,169,"tomato","2035.0","g",False,NULL
1916,169,"curd","400.0","ml",False,NULL
1917,169,"salt","10.0","g",False,NULL
1918,169,"onion","560.0","g",False,NULL
1919,169,"ghee","1.0","ml",False,NULL
1920,171,"spinach","200.0","g",False,NULL
1921,171,"corn","50.0","g",False,NULL
1922,171,"capsicum","100.0","g",False,NULL
1923,171,"onion","100.0","g",False,NULL
1924,171,"tomato","100.0","g",False,NULL
1925,171,"ginger","1.0","g",False,NULL
1926,171,"garlic","5.0","g",False,NULL
1927,171,"oil","45.0","ml",False,NULL
1928,171,"cream","15.0","ml",False,NULL
1929,171,"cumin","20.0","g",False,NULL
1930,171,"turmeric","5.0","g",False,NULL
1931,171,"chili","5.0","g",False,NULL
1932,171,"vegetable masala powder","5.0","g",False,NULL
1933,171,"chicken","5.0","g",False,NULL
1934,171,"coriander","5.0","g",False,NULL
1935,171,"salt","1.0","g",True,NULL
1936,171,"water","480.0","ml",False,NULL
1937,172,"egg","200.0","g",False,NULL
1938,172,"onion","100.0","g",False,NULL
1939,172,"green chili","5.0","g",False,NULL
1940,172,"tomato","100.0","g",False,NULL
1941,172,"oil","30.0","ml",False,NULL
1942,172,"turmeric","1.25","g",False,NULL
1943,172,"chili","2.5","g",False,NULL
1944,172,"salt","1.0","g",True,NULL
1945,172,"coriander","30.0","g",False,NULL
1946,172,"flour","480.0","g",False,NULL
1947,172,"water","1.0","ml",True,NULL
1948,173,"cauliflower","480.0","g",False,NULL
1949,173,"onion","100.0","g",False,NULL
1950,173,"tomato","200.0","g",False,NULL
1951,173,"garlic","15.0","g",False,NULL
1952,173,"green chili","10.0","g",False,NULL
1953,173,"yogurt","120.0","ml",False,NULL
1954,173,"cream","60.0","ml",False,NULL
1955,173,"cashew","15.0","g",False,NULL
1956,173,"coriander","60.0","g",False,NULL
1957,173,"mint","60.0","g",False,NULL
1958,173,"cumin","5.0","g",False,NULL
1959,173,"turmeric","2.5","g",False,NULL
1960,173,"chili","5.0","g",False,NULL
1961,173,"garam masala","5.0","g",False,NULL
1962,173,"salt","1.0","g",True,NULL
1963,173,"oil","45.0","ml",False,NULL
1964,173,"water","1.0","ml",True,NULL
1965,174,"paneer","250.0","g",False,NULL
1966,174,"onion","100.0","g",False,NULL
1967,174,"garlic","5.0","g",False,NULL
1968,174,"ginger","5.0","g",False,NULL
1969,174,"tomato","120.0","g",False,NULL
1970,174,"cashew","15.0","g",False,NULL
1971,174,"cream","60.0","ml",False,NULL
1972,174,"ghee","30.0","ml",False,NULL
1973,174,"cardamom","0.4","g",False,NULL
1974,174,"clove","0.2","g",False,NULL
1975,174,"cinnamon","1.0","g",False,NULL
1976,174,"bay leaf","1.0","g",False,NULL
1977,174,"chili","5.0","g",False,NULL
1978,174,"turmeric","1.25","g",False,NULL
1979,174,"garam masala","2.5","g",False,NULL
1980,174,"salt","1.0","g",True,NULL
1981,174,"water","1.0","ml",True,NULL
1982,174,"coriander","1.0","g",False,NULL
1983,175,"chicken","500.0","g",False,NULL
1984,175,"onion","200.0","g",False,NULL
1985,175,"garlic","15.0","g",False,NULL
1986,175,"ginger","15.0","g",False,NULL
1987,175,"yogurt","120.0","ml",False,NULL
1988,175,"cream","60.0","ml",False,NULL
1989,175,"tomato","120.0","g",False,NULL
1990,175,"oil","45.0","ml",False,NULL
1991,175,"garam masala","5.0","g",False,NULL
1992,175,"chili","5.0","g",False,NULL
1993,175,"turmeric","2.5","g",False,NULL
1994,175,"salt","1.0","g",True,NULL
1995,175,"water","1.0","ml",True,NULL
1996,175,"coriander","1.0","g",False,NULL
1997,176,"urad","240.0","g",False,NULL
1998,176,"bean","120.0","g",False,NULL
1999,176,"garlic","8.0","g",False,NULL
2000,176,"bay leaf","3.0","g",False,NULL
2001,176,"cardamom","0.6","g",False,NULL
2002,176,"salt","1.0","g",True,NULL
2003,176,"red chili","15.0","g",False,NULL
2004,176,"water","360.0","ml",False,NULL
2005,176,"tomato","300.0","g",False,NULL
2006,176,"butter","35.0","g",False,NULL
2007,176,"cumin","7.5","g",False,NULL
2008,176,"green chili","5.0","g",False,NULL
2009,176,"onion","200.0","g",False,NULL
2010,176,"garam masala","5.0","g",False,NULL
2011,176,"coriander","6.0","g",False,NULL
2012,176,"turmeric","5.0","g",False,NULL
2013,176,"cream","20.0","ml",False,NULL
2014,176,"ghee","1.0","ml",True,NULL
2015,176,"asafoetida",NULL,NULL,False,NULL
2016,177,"potato","480.0","g",False,NULL
2017,177,"oil","30.0","ml",False,NULL
2018,177,"mustard","5.0","g",False,NULL
2019,177,"fenugreek","2.5","g",False,NULL
2020,177,"fennel seeds","2.5","g",False,NULL
2021,177,"cumin","5.0","g",False,NULL
2022,177,"turmeric","2.5","g",False,NULL
2023,177,"chili","5.0","g",False,NULL
2024,177,"tomato","100.0","g",False,NULL
2025,177,"salt","1.0","g",True,NULL
2026,177,"water","240.0","ml",False,NULL
2027,177,"asafoetida",NULL,NULL,False,NULL
2028,178,"paneer","400.0","g",False,NULL
2029,178,"curd","45.0","ml",False,NULL
2030,178,"red chili","15.0","g",False,NULL
2031,178,"garam masala powder","10.0","g",False,NULL
2032,178,"salt","10.0","g",False,NULL
2033,178,"oil","30.0","ml",False,NULL
2034,178,"onion","100.0","g",False,NULL
2035,178,"green chili","15.0","g",False,NULL
2036,178,"garlic","5.0","g",False,NULL
2037,178,"tomato","300.0","g",False,NULL
2038,178,"capsicum","100.0","g",False,NULL
2039,178,"turmeric","1.25","g",False,NULL
2040,178,"coriander","6.0","g",False,NULL
2041,178,"cumin","5.0","g",False,NULL
2042,178,"chaat masala","5.0","g",False,NULL
2043,178,"little kasuri","1.0","g",False,NULL
2044,178,"water","1.0","ml",False,NULL
2045,179,"chicken","1000.0","g",False,NULL
2046,179,"yogurt","240.0","ml",False,NULL
2047,179,"ginger","15.0","g",False,NULL
2048,179,"garlic","15.0","g",False,NULL
2049,179,"cardamom","0.8","g",False,NULL
2050,179,"clove","0.4","g",False,NULL
2051,179,"cinnamon","1.0","g",False,NULL
2052,179,"bay leaf","1.0","g",False,NULL
2053,179,"onion","200.0","g",False,NULL
2054,179,"ghee","45.0","ml",False,NULL
2055,179,"cream","60.0","ml",False,NULL
2056,179,"nutmeg powder","1.0","g",False,NULL
2057,179,"milk","1.0","ml",False,NULL
2058,179,"salt","1.0","g",True,NULL
2059,180,"mushroom","200.0","g",False,NULL
2060,180,"green peas","240.0","g",False,NULL
2061,180,"onion","100.0","g",False,NULL
2062,180,"tomato","200.0","g",False,NULL
2063,180,"garlic","4.0","g",False,NULL
2064,180,"ginger","1.0","g",False,NULL
2065,180,"oil","30.0","ml",False,NULL
2066,180,"cumin","5.0","g",False,NULL
2067,180,"turmeric","2.5","g",False,NULL
2068,180,"chili","5.0","g",False,NULL
2069,180,"garam masala","5.0","g",False,NULL
2070,180,"salt","1.0","g",True,NULL
2071,180,"water","1.0","ml",True,NULL
2072,180,"coriander","1.0","g",False,NULL
2073,181,"spinach","480.0","g",False,NULL
2074,181,"corn","240.0","g",False,NULL
2075,181,"onion","100.0","g",False,NULL
2076,181,"tomato","100.0","g",False,NULL
2077,181,"ginger","1.0","g",False,NULL
2078,181,"garlic","2.0","g",False,NULL
2079,181,"green chili","5.0","g",False,NULL
2080,181,"cumin","5.0","g",False,NULL
2081,181,"turmeric","2.5","g",False,NULL
2082,181,"chili","2.5","g",False,NULL
2083,181,"garam masala","2.5","g",False,NULL
2084,181,"salt","1.0","g",True,NULL
2085,181,"oil","30.0","ml",False,NULL
2086,181,"water","60.0","ml",False,NULL
2087,182,"paneer","250.0","g",False,NULL
2088,182,"onion","100.0","g",False,NULL
2089,182,"garlic","15.0","g",False,NULL
2090,182,"cashew","15.0","g",False,NULL
2091,182,"yogurt","120.0","ml",False,NULL
2092,182,"cream","60.0","ml",False,NULL
2093,182,"cardamom","0.6","g",False,NULL
2094,182,"clove","0.3","g",False,NULL
2095,182,"cinnamon","1.0","g",False,NULL
2096,182,"turmeric","2.5","g",False,NULL
2097,182,"chili","5.0","g",False,NULL
2098,182,"ghee","30.0","ml",False,NULL
2099,182,"milk","1.0","ml",False,NULL
2100,182,"salt","1.0","g",True,NULL
2101,182,"water","1.0","ml",True,NULL
2102,183,"chicken","1000.0","g",False,NULL
2103,183,"red chili","10.0","g",False,NULL
2104,183,"salt","10.0","g",False,NULL
2105,183,"ginger","15.0","g",False,NULL
2106,183,"garlic","30.0","g",False,NULL
2107,183,"yogurt","15.0","ml",False,NULL
2108,183,"oil","240.0","ml",False,NULL
2109,183,"onion","200.0","g",False,NULL
2110,183,"clove","0.6000000000000001","g",False,NULL
2111,183,"cardamom","3.2","g",False,NULL
2112,183,"cinnamon","1.5","g",False,NULL
2113,183,"pepper","10.0","g",False,NULL
2114,183,"bay leaves","2.0","g",False,NULL
2115,183,"coriander","15.0","g",False,NULL
2116,183,"coconut","15.0","g",False,NULL
2117,183,"curd","240.0","ml",False,NULL
2118,183,"almond","14.4","g",False,NULL
2119,183,"water","765.0","ml",False,NULL
2120,183,"cumin","2.5","g",False,NULL
2121,184,"oil","45.0","ml",False,NULL
2122,184,"onion","100.0","g",False,NULL
2123,184,"garlic","4.0","g",False,NULL
2124,184,"green chili","10.0","g",False,NULL
2125,184,"tomato","200.0","g",False,NULL
2126,184,"cashew","15.0","g",False,NULL
2127,184,"turmeric","2.5","g",False,NULL
2128,184,"degi mixed powder","5.0","g",False,NULL
2129,184,"salt","1.0","g",True,NULL
2130,184,"water","1.0","ml",True,NULL
2131,184,"cumin","7.5","g",False,NULL
2132,184,"kashmiri chilli powder","5.0","g",False,NULL
2133,184,"coriander","35.0","g",False,NULL
2134,184,"garam masala powder","2.5","g",False,NULL
2135,184,"carrot","240.0","g",False,NULL
2136,184,"corn","240.0","g",False,NULL
2137,184,"green peas","120.0","g",False,NULL
2138,184,"bean","120.0","g",False,NULL
2139,184,"cauliflower","240.0","g",False,NULL
2140,184,"butter","15.0","g",False,NULL
2141,184,"cream","30.0","ml",False,NULL
2142,185,"onion","300.0","g",False,NULL
2143,185,"tomato","300.0","g",False,NULL
2144,185,"chili","11.0","g",True,NULL
2145,185,"garlic","5.0","g",False,NULL
2146,185,"cashew","15.0","g",False,NULL
2147,185,"milk","60.0","ml",False,NULL
2148,185,"egg","200.0","g",False,NULL
2149,185,"oil","30.0","ml",False,NULL
2150,185,"butter","45.0","g",False,NULL
2151,185,"turmeric","2.5","g",False,NULL
2152,185,"coriander","7.5","g",False,NULL
2153,185,"chicken","5.0","g",False,NULL
2154,185,"garam masala","2.5","g",False,NULL
2155,185,"salt","1.0","g",True,NULL
2156,186,"paneer","250.0","g",False,NULL
2157,186,"butter","45.0","g",False,NULL
2158,186,"salt","1.0","g",True,NULL
2159,186,"turmeric","1.25","g",False,NULL
2160,186,"red chili","9.0","g",False,NULL
2161,186,"cashew","15.0","g",False,NULL
2162,186,"tomato","200.0","g",False,NULL
2163,186,"cumin","5.0","g",False,NULL
2164,186,"green chili","10.0","g",False,NULL
2165,186,"onion","100.0","g",False,NULL
2166,186,"garlic","15.0","g",False,NULL
2167,186,"kasoori","5.0","g",False,NULL
2168,186,"coriander","1.0","g",False,NULL
2169,187,"chicken","500.0","g",False,NULL
2170,187,"butter","45.0","g",False,NULL
2171,187,"black pepper","10.0","g",False,NULL
2172,187,"garlic","6.0","g",False,NULL
2173,187,"ginger","1.0","g",False,NULL
2174,187,"green chili","10.0","g",False,NULL
2175,187,"curry leafs","1.0","g",False,NULL
2176,187,"salt","1.0","g",True,NULL
2177,187,"oil","30.0","ml",False,NULL
2178,188,"rice","240.0","g",False,NULL
2179,188,"water","1.0","ml",False,NULL
2180,188,"black pepper","1.0","g",True,NULL
2181,188,"cinnamon","1.0","g",False,NULL
2182,188,"bay leaf","1.0","g",False,NULL
2183,188,"ghee","40.0","ml",False,NULL
2184,188,"curd","240.0","ml",False,NULL
2185,188,"divided biryani masala","10.0","g",False,NULL
2186,188,"garam masala","7.5","g",False,NULL
2187,188,"coriander","8.5","g",False,NULL
2188,188,"red chili","5.0","g",False,NULL
2189,188,"turmeric","7.5","g",False,NULL
2190,188,"cumin","5.0","g",False,NULL
2191,188,"onion","100.0","g",False,NULL
2192,188,"garlic","5.0","g",False,NULL
2193,188,"tomato","300.0","g",False,NULL
2194,188,"salt","1.0","g",True,NULL
2195,188,"potato","150.0","g",True,NULL
2196,188,"paneer","1.0","g",True,NULL
2197,188,"mint","1.0","g",False,NULL
2198,189,"flour","240.0","g",False,NULL
2199,189,"potato","300.0","g",False,NULL
2200,189,"green peas","120.0","g",False,NULL
2201,189,"onion","100.0","g",False,NULL
2202,189,"tomato","100.0","g",False,NULL
2203,189,"green chili","5.0","g",False,NULL
2204,189,"garlic","5.0","g",False,NULL
2205,189,"chili","2.5","g",False,NULL
2206,189,"garam masala","2.5","g",False,NULL
2207,189,"coriander","2.5","g",False,NULL
2208,189,"salt","1.0","g",True,NULL
2209,189,"oil","30.0","ml",False,NULL
2210,189,"water","1.0","ml",True,NULL
2211,190,"rice","480.0","g",False,NULL
2212,190,"chicken","1000.0","g",False,NULL
2213,190,"yogurt","240.0","ml",False,NULL
2214,190,"garlic","30.0","g",False,NULL
2215,190,"ghee","45.0","ml",False,NULL
2216,190,"mint","120.0","g",False,NULL
2217,190,"coriander","120.0","g",False,NULL
2218,190,"green chili","15.0","g",False,NULL
2219,190,"onion","240.0","g",False,NULL
2220,190,"lemon","30.0","g",False,NULL
2221,190,"cinnamon","15.0","g",False,NULL
2222,190,"salt","1.0","g",True,NULL
2223,190,"saffron",NULL,NULL,False,NULL
2224,191,"chicken","1015.0","g",False,NULL
2225,191,"turmeric","5.0","g",False,NULL
2226,191,"red chili","10.0","g",False,NULL
2227,191,"garam masala","5.0","g",False,NULL
2228,191,"cumin","10.0","g",False,NULL
2229,191,"black pepper","2.5","g",False,NULL
2230,191,"mustard","60.0","g",False,NULL
2231,191,"bay leaves","2.0","g",False,NULL
2232,191,"coriander","1.0","g",False,NULL
2233,191,"ginger","15.0","g",False,NULL
2234,191,"garlic","15.0","g",False,NULL
2235,191,"onion","200.0","g",False,NULL
2236,191,"salt","1.0","g",True,NULL
2237,191,"water","1.0","ml",True,NULL
2238,192,"potato","450.0","g",False,NULL
2239,192,"carrot","100.0","g",False,NULL
2240,192,"onion","100.0","g",False,NULL
2241,192,"coconut","25.0","g",False,NULL
2242,192,"mustard","7.5","g",False,NULL
2243,192,"urad","7.5","g",False,NULL
2244,192,"red chili","10.0","g",False,NULL
2245,192,"egg","150.0","g",False,NULL
2246,192,"salt","1.0","g",True,NULL
2247,192,"water","1.0","ml",True,NULL
2248,192,"curry leafs",NULL,NULL,False,NULL
2249,193,"chicken","1000.0","g",False,NULL
2250,193,"bedgi chillies","6.0","g",False,NULL
2251,193,"coconut","240.0","g",False,NULL
2252,193,"coriander","30.0","g",False,NULL
2253,193,"cumin","5.0","g",False,NULL
2254,193,"garlic","4.0","g",False,NULL
2255,193,"tamarind paste","15.0","g",False,NULL
2256,193,"mustard","5.0","g",False,NULL
2257,193,"curry leafs","1.0","g",False,NULL
2258,193,"oil","45.0","ml",False,NULL
2259,193,"salt","1.0","g",True,NULL
2260,193,"water","1.0","ml",True,NULL
2261,194,"flour","480.0","g",False,NULL
2262,194,"potato","450.0","g",False,NULL
2263,194,"green peas","120.0","g",False,NULL
2264,194,"green chili","5.0","g",False,NULL
2265,194,"ginger","5.0","g",False,NULL
2266,194,"cumin","5.0","g",False,NULL
2267,194,"mustard","2.5","g",False,NULL
2268,194,"turmeric","2.5","g",False,NULL
2269,194,"chili","2.5","g",False,NULL
2270,194,"garam masala","2.5","g",False,NULL
2271,194,"salt","1.0","g",True,NULL
2272,194,"oil","30.0","ml",False,NULL
2273,194,"water","1.0","ml",True,NULL
2274,195,"flour","240.0","g",False,NULL
2275,195,"coriander","241.0","g",True,NULL
2276,195,"green chili","1.0","g",True,NULL
2277,195,"cumin","7.5","g",False,NULL
2278,195,"red chili","7.5","g",False,NULL
2279,195,"ajwain","7.5","g",False,NULL
2280,195,"salt","12.5","g",False,NULL
2281,195,"water","1.0","ml",True,NULL
2282,195,"paneer","200.0","g",False,NULL
2283,195,"oil","1.0","ml",False,NULL
2284,195,"black pepper","7.5","g",False,NULL
2285,195,"bhikayani","15.0","g",False,NULL
2286,195,"pea","1.0","g",True,NULL
2287,195,"lemon","7.5","g",False,NULL
2288,195,"curd","15.0","ml",False,NULL
2289,195,"sprinkle chaat masala","1.0","g",False,NULL
2290,196,"onion","400.0","g",False,NULL
2291,196,"green chili","10.0","g",False,NULL
2292,196,"coriander","3.5","g",False,NULL
2293,196,"red chili","5.0","g",False,NULL
2294,196,"turmeric","1.25","g",False,NULL
2295,196,"garam masala","2.5","g",False,NULL
2296,196,"garlic","5.0","g",False,NULL
2297,196,"salt","1.0","g",True,NULL
2298,196,"flour","270.0","g",False,NULL
2299,196,"water","1.0","ml",True,NULL
2300,196,"oil","1.0","ml",False,NULL
2301,197,"potato","450.0","g",False,NULL
2302,197,"flour","240.0","g",False,NULL
2303,197,"green chili","5.0","g",False,NULL
2304,197,"mustard","5.0","g",False,NULL
2305,197,"curry leafs","8.0","g",False,NULL
2306,197,"ginger","5.0","g",False,NULL
2307,197,"turmeric","1.25","g",False,NULL
2308,197,"chili","2.5","g",False,NULL
2309,197,"salt","1.0","g",True,NULL
2310,197,"water","1.0","ml",True,NULL
2311,197,"oil","1.0","ml",False,NULL
2312,197,"asafoetida",NULL,NULL,False,NULL
2313,198,"bread","6.0","g",False,NULL
2314,198,"potato","300.0","g",False,NULL
2315,198,"flour","240.0","g",False,NULL
2316,198,"chili","5.0","g",False,NULL
2317,198,"turmeric","2.5","g",False,NULL
2318,198,"garam masala","2.5","g",False,NULL
2319,198,"green chili","5.0","g",False,NULL
2320,198,"coriander","30.0","g",False,NULL
2321,198,"salt","1.0","g",True,NULL
2322,198,"water","1.0","ml",True,NULL
2323,198,"oil","1.0","ml",False,NULL
2324,199,"potato","300.0","g",False,NULL
2325,199,"carrot","100.0","g",False,NULL
2326,199,"green peas","120.0","g",False,NULL
2327,199,"green chili","5.0","g",False,NULL
2328,199,"ginger","5.0","g",False,NULL
2329,199,"bread","240.0","g",False,NULL
2330,199,"coriander","30.0","g",False,NULL
2331,199,"garam masala","2.5","g",False,NULL
2332,199,"chili","2.5","g",False,NULL
2333,199,"salt","1.0","g",True,NULL
2334,199,"oil","1.0","ml",False,NULL
2335,200,"spinach","480.0","g",False,NULL
2336,200,"green peas","240.0","g",False,NULL
2337,200,"potato","300.0","g",False,NULL
2338,200,"green chili","5.0","g",False,NULL
2339,200,"ginger","1.0","g",False,NULL
2340,200,"garam masala","5.0","g",False,NULL
2341,200,"bread","120.0","g",False,NULL
2342,200,"flour","30.0","g",False,NULL
2343,200,"salt","1.0","g",True,NULL
2344,200,"oil","1.0","ml",False,NULL
2345,201,"cheese","240.0","g",False,NULL
2346,201,"potato","150.0","g",False,NULL
2347,201,"corn","120.0","g",False,NULL
2348,201,"capsicum","30.0","g",False,NULL
2349,201,"coriander","30.0","g",False,NULL
2350,201,"red chili","2.5","g",False,NULL
2351,201,"oregano","2.5","g",False,NULL
2352,201,"black pepper","1.0","g",False,NULL
2353,201,"garlic","1.25","g",False,NULL
2354,201,"flour","60.0","g",False,NULL
2355,201,"salt","1.0","g",False,NULL
2356,201,"bread","240.0","g",False,NULL
2357,201,"oil","1.0","ml",False,NULL
2358,202,"flour","600.0","g",False,NULL
2359,202,"water","1.0","ml",True,NULL
2360,202,"oil","1.0","ml",True,NULL
2361,202,"onion","100.0","g",False,NULL
2362,202,"green chili","10.0","g",False,NULL
2363,202,"capsicum","100.0","g",False,NULL
2364,202,"carrot","100.0","g",False,NULL
2365,202,"cauliflower","240.0","g",False,NULL
2366,202,"salt","1.0","g",True,NULL
2367,202,"pepper","2.5","g",False,NULL
2368,202,"soy","21.0","ml",False,NULL
2369,203,"paneer","250.0","g",False,NULL
2370,203,"yogurt","120.0","ml",False,NULL
2371,203,"flour","30.0","g",False,NULL
2372,203,"onion","100.0","g",False,NULL
2373,203,"tomato","100.0","g",False,NULL
2374,203,"capsicum","100.0","g",False,NULL
2375,203,"chili","5.0","g",False,NULL
2376,203,"garam masala","5.0","g",False,NULL
2377,203,"turmeric","1.25","g",False,NULL
2378,203,"coriander","5.0","g",False,NULL
2379,203,"salt","1.0","g",True,NULL
2380,203,"oil","15.0","ml",False,NULL
2381,203,"butter","15.0","g",False,NULL
2382,203,"lemon","15.0","g",False,NULL
2383,204,"potato","500.0","g",False,NULL
2384,204,"yogurt","120.0","ml",False,NULL
2385,204,"chili","5.0","g",False,NULL
2386,204,"garam masala","5.0","g",False,NULL
2387,204,"garlic","15.0","g",False,NULL
2388,204,"lemon","15.0","g",False,NULL
2389,204,"oil","30.0","ml",False,NULL
2390,204,"salt","1.0","g",True,NULL
2391,204,"chaat masala","2.5","g",True,NULL
2392,204,"coriander","1.0","g",False,NULL
2393,205,"puffed puris","20.0","g",False,NULL
2394,205,"potato","300.0","g",False,NULL
2395,205,"yogurt","240.0","ml",False,NULL
2396,205,"tamarind chutney","60.0","g",False,NULL
2397,205,"green chutney","60.0","g",False,NULL
2398,205,"sev","120.0","g",False,NULL
2399,205,"chaat masala","5.0","g",False,NULL
2400,205,"chili","2.5","g",False,NULL
2401,205,"cumin","2.5","g",False,NULL
2402,205,"salt","1.0","g",True,NULL
2403,205,"coriander","30.0","g",False,NULL
2404,206,"curd","240.0","ml",False,NULL
2405,206,"coriander","30.0","g",False,NULL
2406,206,"spices chat masala","5.0","g",False,NULL
2407,206,"tamarind chutney","45.0","g",False,NULL
2408,206,"potato","240.0","g",False,NULL
2409,206,"green chutney","45.0","g",False,NULL
2410,206,"onion","120.0","g",False,NULL
2411,206,"sev","240.0","g",False,NULL
2412,207,"rice","480.0","g",False,NULL
2413,207,"sev","120.0","g",False,NULL
2414,207,"onion","100.0","g",False,NULL
2415,207,"tomato","100.0","g",False,NULL
2416,207,"potato","150.0","g",False,NULL
2417,207,"tamarind chutney","30.0","g",False,NULL
2418,207,"green chutney","30.0","g",False,NULL
2419,207,"lemon","15.0","g",False,NULL
2420,207,"coriander","30.0","g",False,NULL
2421,207,"chaat masala","5.0","g",False,NULL
2422,207,"salt","1.0","g",True,NULL
2423,208,"potato","450.0","g",False,NULL
2424,208,"tomato","400.0","g",False,NULL
2425,208,"onion","200.0","g",False,NULL
2426,208,"green peas","120.0","g",False,NULL
2427,208,"pepper","1.0","g",False,NULL
2428,208,"butter","60.0","g",False,NULL
2429,208,"bread","8.0","g",False,NULL
2430,208,"garlic","15.0","g",False,NULL
2431,208,"pav bhaji masala","30.0","g",False,NULL
2432,208,"chili","5.0","g",False,NULL
2433,208,"salt","1.0","g",True,NULL
2434,208,"lemon","50.0","g",False,NULL
2435,208,"coriander","1.0","g",False,NULL
2436,209,"potato","450.0","g",False,NULL
2437,209,"flour","240.0","g",False,NULL
2438,209,"green chili","10.0","g",False,NULL
2439,209,"mustard","5.0","g",False,NULL
2440,209,"turmeric","1.25","g",False,NULL
2441,209,"curry leafs","8.0","g",False,NULL
2442,209,"garlic","5.0","g",False,NULL
2443,209,"salt","1.0","g",True,NULL
2444,209,"chili","2.5","g",False,NULL
2445,209,"oil","1.0","ml",False,NULL
2446,209,"pav buns","6.0","g",False,NULL
2447,210,"moong sprouts","240.0","g",False,NULL
2448,210,"onion","100.0","g",False,NULL
2449,210,"tomato","100.0","g",False,NULL
2450,210,"green chili","5.0","g",False,NULL
2451,210,"mustard","5.0","g",False,NULL
2452,210,"turmeric","2.5","g",False,NULL
2453,210,"chili","5.0","g",False,NULL
2454,210,"farsan savory mix","120.0","g",False,NULL
2455,210,"bread","4.0","g",False,NULL
2456,210,"coriander","30.0","g",False,NULL
2457,210,"lemon","1.0","g",False,NULL
2458,210,"oil","30.0","ml",False,NULL
2459,210,"salt","1.0","g",True,NULL
2460,211,"potato","450.0","g",False,NULL
2461,211,"oil","1.0","ml",False,NULL
2462,211,"chili","5.0","g",False,NULL
2463,211,"chaat masala","5.0","g",False,NULL
2464,211,"salt","1.0","g",True,NULL
2465,211,"pepper","2.5","g",False,NULL
2466,211,"lemon","15.0","g",False,NULL
2467,212,"potato","450.0","g",False,NULL
2468,212,"sauce","45.0","ml",False,NULL
2469,212,"oil","1.0","ml",False,NULL
2470,212,"salt","1.0","g",True,NULL
2471,212,"chili","5.0","g",False,NULL
2472,212,"garlic","5.0","g",False,NULL
2473,213,"bread","1.0","g",False,NULL
2474,213,"butter","60.0","g",False,NULL
2475,213,"garlic","3.0","g",False,NULL
2476,213,"cheese","240.0","g",False,NULL
2477,213,"parsley","30.0","g",False,NULL
2478,213,"salt","1.0","g",True,NULL
2479,214,"bread","4.0","g",False,NULL
2480,214,"cheese","100.0","g",False,NULL
2481,214,"butter","30.0","g",False,NULL
2482,214,"green chili","10.0","g",False,NULL
2483,214,"garlic","1.0","g",False,NULL
2484,214,"coriander","30.0","g",False,NULL
2485,214,"capsicum","15.0","g",True,NULL
2486,215,"bread","4.0","g",False,NULL
2487,215,"butter","30.0","g",False,NULL
2488,215,"cheese","120.0","g",False,NULL
2489,215,"onion","100.0","g",False,NULL
2490,215,"tomato","100.0","g",False,NULL
2491,215,"capsicum","100.0","g",False,NULL
2492,215,"green chili","5.0","g",True,NULL
2493,215,"pepper","1.25","g",False,NULL
2494,215,"chaat masala","1.25","g",False,NULL
2495,215,"salt","1.0","g",True,NULL
2496,216,"paneer","201.0","g",False,NULL
2497,216,"expert tips","1.0","g",False,NULL
2498,216,"faqs","1.0","g",False,NULL
2499,216,"ginger","10.0","g",False,NULL
2500,216,"garlic","10.0","g",False,NULL
2501,216,"green chili","10.0","g",False,NULL
2502,216,"coriander","20.0","g",False,NULL
2503,216,"mint","22.5","g",False,NULL
2504,216,"turmeric","2.5","g",False,NULL
2505,216,"chili","2.5","g",False,NULL
2506,216,"curry leafs","1.25","g",False,NULL
2507,216,"lemon","10.0","g",False,NULL
2508,216,"salt","8.0","g",True,NULL
2509,216,"cinnamon","2.0","g",False,NULL
2510,216,"sized","1.0","g",False,NULL
2511,216,"clove","0.4","g",False,NULL
2512,216,"cardamom","0.8","g",False,NULL
2513,216,"caay seeds shahi","1.25","g",False,NULL
2514,216,"oil","60.0","ml",False,NULL
2515,216,"water","975.0","ml",False,NULL
2516,216,"tej patta sized","1.0","g",False,NULL
2517,216,"shahi caay seeds","2.5","g",False,NULL
2518,216,"yogurt","120.0","ml",False,NULL
2519,216,"cilantro","30.0","g",False,NULL
2520,216,"garam masala","1.25","g",False,NULL
2521,216,"milk","60.0","ml",False,NULL
2522,216,"saffron","16.0","g",False,NULL
2523,216,"butter","15.0","g",False,NULL
2524,217,"paneer","100.0","g",False,NULL
2525,217,"bread","4.0","g",False,NULL
2526,217,"flour","30.0","g",False,NULL
2527,217,"butter","30.0","g",False,NULL
2528,217,"green chili","5.0","g",False,NULL
2529,217,"coriander","30.0","g",False,NULL
2530,217,"salt","1.0","g",True,NULL
2531,217,"black pepper","1.0","g",True,NULL
2532,218,"oil","15.0","ml",False,NULL
2533,218,"mustard","15.0","g",False,NULL
2534,218,"curry leafs","7.0","g",False,NULL
2535,218,"garlic","34.0","g",False,NULL
2536,218,"ginger","1.5","g",False,NULL
2537,218,"chili","65.0","g",False,NULL
2538,218,"potato","1950.0","g",False,NULL
2539,218,"turmeric","1.0","g",True,NULL
2540,218,"coconut","45.0","g",False,NULL
2541,218,"salt","1.0","g",True,NULL
2542,218,"bread","4.0","g",False,NULL
2543,218,"butter","1.0","g",True,NULL
2544,218,"cheese","1.0","g",False,NULL
2545,218,"cucumber slices","1.0","g",True,NULL
2546,218,"capsicum","1.0","g",True,NULL
2547,218,"beetroot slices","1.0","g",True,NULL
2548,218,"tomato","200.0","g",False,NULL
2549,218,"cumin","10.0","g",False,NULL
2550,218,"fennel seeds","5.0","g",False,NULL
2551,218,"black pepper","7.5","g",False,NULL
2552,218,"chaat masala","10.0","g",False,NULL
2553,219,"potato","450.0","g",False,NULL
2554,219,"flour","30.0","g",False,NULL
2555,219,"salt","1.0","g",True,NULL
2556,219,"black pepper","2.5","g",False,NULL
2557,219,"oil","1.0","ml",False,NULL
2558,220,"potato","600.0","g",False,NULL
2559,220,"chili","12.5","g",False,NULL
2560,220,"ginger","1.0","g",False,NULL
2561,220,"salt","3.5","g",True,NULL
2562,220,"cumin","5.0","g",False,NULL
2563,220,"chaat masala","5.0","g",False,NULL
2564,220,"garam masala","2.5","g",False,NULL
2565,220,"flour","60.0","g",False,NULL
2566,220,"coriander","30.0","g",False,NULL
2567,220,"oil","1.0","ml",False,NULL
2568,221,"potato","450.0","g",False,NULL
2569,221,"yogurt","240.0","ml",False,NULL
2570,221,"flour","60.0","g",False,NULL
2571,221,"chili","5.0","g",False,NULL
2572,221,"cumin","2.5","g",False,NULL
2573,221,"mint","1.0","g",True,NULL
2574,221,"salt","1.0","g",True,NULL
2575,221,"oil","1.0","ml",False,NULL
2576,222,"soy","250.0","ml",False,NULL
2577,222,"curd","240.0","ml",False,NULL
2578,222,"flour","30.0","g",False,NULL
2579,222,"onion","100.0","g",False,NULL
2580,222,"oil","1.0","ml",False,NULL
2581,222,"spices","1.0","g",True,NULL
2582,223,"corn","240.0","g",False,NULL
2583,223,"flour","60.0","g",False,NULL
2584,223,"pepper","5.0","g",False,NULL
2585,223,"chili","5.0","g",False,NULL
2586,223,"garlic","5.0","g",False,NULL
2587,223,"salt","1.0","g",True,NULL
2588,223,"oil","1.0","ml",False,NULL
2589,224,"cheese","440.0","g",False,NULL
2590,224,"capsicum","480.0","g",False,NULL
2591,224,"corn","240.0","g",False,NULL
2592,224,"black olives","1.0","g",False,NULL
2593,224,"green olives","1.0","g",False,NULL
2594,224,"italian seasoning","10.0","g",False,NULL
2595,224,"chili","5.0","g",False,NULL
2596,224,"black pepper","2.5","g",False,NULL
2597,224,"salt","2.5","g",True,NULL
2598,224,"ketchup","7.5","g",False,NULL
2599,224,"flavored","1.0","g",True,NULL
2600,225,"pea","240.0","g",False,NULL
2601,225,"flour","120.0","g",False,NULL
2602,225,"chili","5.0","g",False,NULL
2603,225,"salt","1.0","g",True,NULL
2604,225,"oil","1.0","ml",False,NULL
2605,225,"water","1.0","ml",True,NULL
2606,226,"pea","240.0","g",False,NULL
2607,226,"oil","15.0","ml",False,NULL
2608,226,"chili","5.0","g",False,NULL
2609,226,"salt","1.0","g",True,NULL
2610,226,"chaat masala","5.0","g",False,NULL
2611,226,"cumin","2.5","g",False,NULL
2612,227,"rice","480.0","g",False,NULL
2613,227,"pea","120.0","g",False,NULL
2614,227,"mustard","5.0","g",False,NULL
2615,227,"red chili","4.0","g",False,NULL
2616,227,"curry leafs","10.0","g",False,NULL
2617,227,"oil","30.0","ml",False,NULL
2618,227,"salt","1.0","g",True,NULL
2619,228,"flour","720.0","g",False,NULL
2620,228,"salt","1.25","g",False,NULL
2621,228,"cumin","2.5","g",False,NULL
2622,228,"oil","1.0","ml",False,NULL
2623,228,"water","1.0","ml",True,NULL
2624,229,"flour","510.0","g",False,NULL
2625,229,"urad","30.0","g",False,NULL
2626,229,"garlic","15.0","g",False,NULL
2627,229,"groundnut leaves","75.0","g",False,NULL
2628,229,"chili","5.0","g",False,NULL
2629,229,"asafoetida perungayam powder","15.0","g",False,NULL
2630,229,"salt","1.0","g",True,NULL
2631,229,"oil","1.0","ml",True,NULL
2632,229,"water","1.0","ml",True,NULL
2633,229,"curry leafs",NULL,NULL,False,NULL
2634,230,"egg","200.0","g",False,NULL
2635,230,"chili","5.0","g",False,NULL
2636,230,"chaat masala","5.0","g",False,NULL
2637,230,"salt","1.0","g",True,NULL
2638,230,"lemon","15.0","g",False,NULL
2639,230,"green chutney","30.0","g",False,NULL
2640,230,"tamarind chutney","30.0","g",False,NULL
2641,230,"coriander","30.0","g",False,NULL
2642,231,"flour","720.0","g",False,NULL
2643,231,"chili","5.0","g",False,NULL
2644,231,"cumin","5.0","g",False,NULL
2645,231,"butter","30.0","g",False,NULL
2646,231,"water","1.0","ml",True,NULL
2647,231,"salt","1.0","g",True,NULL
2648,231,"oil","1.0","ml",False,NULL
2649,231,"asafoetida",NULL,NULL,False,NULL
2650,232,"urad","240.0","g",False,NULL
2651,232,"green chili","5.0","g",False,NULL
2652,232,"ginger","5.0","g",False,NULL
2653,232,"black pepper","2.5","g",False,NULL
2654,232,"salt","1.0","g",True,NULL
2655,232,"oil","1.0","ml",False,NULL
2656,232,"curry leafs",NULL,NULL,False,NULL
2657,233,"leftover idli","4.0","g",False,NULL
2658,233,"oil","30.0","ml",False,NULL
2659,233,"cumin","5.0","g",False,NULL
2660,233,"onion","100.0","g",False,NULL
2661,233,"tomato","100.0","g",False,NULL
2662,233,"salt","1.0","g",True,NULL
2663,233,"black pepper","1.0","g",True,NULL
2664,233,"green chili","5.0","g",False,NULL
2665,233,"asafoetida",NULL,NULL,False,NULL
2666,234,"idli","6.0","g",False,NULL
2667,234,"sauce","30.0","ml",False,NULL
2668,234,"oil","30.0","ml",False,NULL
2669,234,"onion","100.0","g",False,NULL
2670,234,"capsicum","100.0","g",False,NULL
2671,234,"green chili","5.0","g",False,NULL
2672,234,"soy","5.0","ml",False,NULL
2673,234,"garlic","2.0","g",False,NULL
2674,234,"ginger","5.0","g",False,NULL
2675,234,"salt","1.0","g",True,NULL
2676,235,"yogurt","240.0","ml",False,NULL
2677,235,"water","240.0","ml",False,NULL
2678,235,"rava semolina","240.0","g",False,NULL
2679,235,"salt","2.5","g",False,NULL
2680,235,"onion","100.0","g",False,NULL
2681,235,"tomato","100.0","g",False,NULL
2682,235,"chili","10.0","g",False,NULL
2683,235,"coriander","30.0","g",False,NULL
2684,235,"oil","1.0","ml",True,NULL
2685,236,"suji semolina","240.0","g",False,NULL
2686,236,"yogurt","240.0","ml",False,NULL
2687,236,"green chili","15.0","g",False,NULL
2688,236,"ginger","7.5","g",False,NULL
2689,236,"water","360.0","ml",True,NULL
2690,236,"salt","20.0","g",False,NULL
2691,236,"sugar","15.0","g",True,NULL
2692,236,"oil","45.0","ml",False,NULL
2693,236,"mustard","7.5","g",False,NULL
2694,236,"curry leafs","10.0","g",False,NULL
2695,237,"flour","240.0","g",False,NULL
2696,237,"yogurt","240.0","ml",False,NULL
2697,237,"water","1.0","ml",True,NULL
2698,237,"salt","2.0","g",True,NULL
2699,237,"turmeric","1.0","g",False,NULL
2700,237,"oil","15.0","ml",False,NULL
2701,237,"mustard","2.5","g",False,NULL
2702,237,"green chili","5.0","g",False,NULL
2703,237,"sugar","30.0","g",False,NULL
2704,237,"lemon","1.0","g",True,NULL
2705,237,"asafoetida","1.0","g",False,NULL
2706,237,"coconut","1.0","g",True,NULL
2707,237,"coriander","1.0","g",False,NULL
2708,237,"curry leafs",NULL,NULL,False,NULL
2709,238,"rice","360.0","g",False,NULL
2710,238,"flour","60.0","g",False,NULL
2711,238,"moong ground","60.0","g",False,NULL
2712,238,"urad","60.0","g",False,NULL
2713,238,"bottle gourd loci","240.0","g",False,NULL
2714,238,"carrot","360.0","g",False,NULL
2715,238,"ginger","6.0","g",False,NULL
2716,238,"green chili","10.0","g",False,NULL
2717,238,"chili","5.0","g",False,NULL
2718,238,"turmeric","7.5","g",False,NULL
2719,238,"curd","360.0","ml",False,NULL
2720,238,"lemon","75.0","g",True,NULL
2721,238,"coriander","15.0","g",False,NULL
2722,238,"oil","60.0","ml",False,NULL
2723,238,"mustard","5.0","g",False,NULL
2724,238,"cumin","5.0","g",False,NULL
2725,238,"curry leafs","15.0","g",False,NULL
2726,238,"salt","7.5","g",False,NULL
2727,238,"water","360.0","ml",False,NULL
2728,239,"flour","300.0","g",False,NULL
2729,239,"water","120.0","ml",False,NULL
2730,239,"curd","60.0","ml",False,NULL
2731,239,"ginger","5.0","g",False,NULL
2732,239,"coriander","485.0","g",False,NULL
2733,239,"turmeric","2.5","g",False,NULL
2734,239,"red chili","1.25","g",True,NULL
2735,239,"salt","5.0","g",True,NULL
2736,239,"sugar","5.0","g",True,NULL
2737,239,"cumin","5.0","g",False,NULL
2738,239,"oil","30.0","ml",False,NULL
2739,239,"asafoetida","0.5","g",False,NULL
2740,239,"pea","60.0","g",False,NULL
2741,240,"pea","360.0","g",False,NULL
2742,240,"potato","300.0","g",False,NULL
2743,240,"green chili","5.0","g",False,NULL
2744,240,"cumin","5.0","g",False,NULL
2745,240,"coriander","30.0","g",False,NULL
2746,240,"salt","1.0","g",True,NULL
2747,240,"oil","1.0","ml",False,NULL
2748,241,"pea","300.0","g",False,NULL
2749,241,"potato","150.0","g",False,NULL
2750,241,"green chili","5.0","g",False,NULL
2751,241,"cumin","5.0","g",False,NULL
2752,241,"salt","1.0","g",True,NULL
2753,241,"oil","1.0","ml",False,NULL
2754,241,"coriander","30.0","g",True,NULL
2755,242,"moong","240.0","g",False,NULL
2756,242,"cumin","7.5","g",False,NULL
2757,242,"salt","1.0","g",True,NULL
2758,242,"turmeric","1.25","g",False,NULL
2759,242,"pepper","1.25","g",False,NULL
2760,242,"onion","100.0","g",False,NULL
2761,242,"garlic","2.0","g",False,NULL
2762,242,"green chutney","1.0","g",True,NULL
2763,242,"paneer","100.0","g",False,NULL
2764,242,"oil","1.0","ml",False,NULL
2765,243,"flour","240.0","g",False,NULL
2766,243,"onion","100.0","g",False,NULL
2767,243,"tomato","100.0","g",False,NULL
2768,243,"green chili","5.0","g",False,NULL
2769,243,"bean","3.0","g",False,NULL
2770,243,"salt","2.5","g",False,NULL
2771,243,"turmeric","2.5","g",False,NULL
2772,243,"water","240.0","ml",True,NULL
2773,243,"butter","1.0","g",False,NULL
2774,244,"paneer","200.0","g",False,NULL
2775,244,"sheets puff pastry","2.0","g",False,NULL
2776,244,"onion","100.0","g",False,NULL
2777,244,"green chili","5.0","g",False,NULL
2778,244,"garam masala","5.0","g",False,NULL
2779,244,"cumin","2.5","g",False,NULL
2780,244,"oil","30.0","ml",False,NULL
2781,244,"salt","1.0","g",True,NULL
2782,244,"coriander","30.0","g",False,NULL
2783,244,"water","1.0","ml",False,NULL
2784,245,"flour","480.0","g",False,NULL
2785,245,"butter","60.0","g",False,NULL
2786,245,"oil","30.0","ml",False,NULL
2787,245,"onion","100.0","g",False,NULL
2788,245,"potato","150.0","g",False,NULL
2789,245,"carrot","100.0","g",False,NULL
2790,245,"green peas","60.0","g",False,NULL
2791,245,"garlic","5.0","g",False,NULL
2792,245,"green chili","5.0","g",False,NULL
2793,245,"coriander","5.0","g",False,NULL
2794,245,"garam masala","2.5","g",False,NULL
2795,245,"chili","2.5","g",False,NULL
2796,245,"salt","1.0","g",True,NULL
2797,245,"water","1.0","ml",True,NULL
2798,246,"flour","1.0","g",True,NULL
2799,246,"water","1.0","ml",True,NULL
2800,246,"salt","1.0","g",True,NULL
2801,246,"butter","1.0","g",True,NULL
2802,246,"green chili","10.0","g",False,NULL
2803,246,"onion","100.0","g",False,NULL
2804,246,"garlic","15.0","g",False,NULL
2805,246,"turmeric","2.5","g",False,NULL
2806,246,"coriander","5.0","g",False,NULL
2807,246,"garam masala","2.5","g",False,NULL
2808,246,"egg","50.0","g",False,NULL
2809,247,"chicken","200.0","g",False,NULL
2810,247,"sheets puff pastry","2.0","g",False,NULL
2811,247,"cheese","240.0","g",False,NULL
2812,247,"onion","100.0","g",False,NULL
2813,247,"garlic","2.0","g",False,NULL
2814,247,"butter","30.0","g",False,NULL
2815,247,"chili","5.0","g",False,NULL
2816,247,"pepper","2.5","g",False,NULL
2817,247,"salt","1.0","g",True,NULL
2818,247,"mixed herbs","5.0","g",False,NULL
2819,247,"egg","50.0","g",False,NULL
2820,248,"red chili","20.0","g",False,NULL
2821,248,"onion","5.0","g",False,NULL
2822,248,"garlic","20.0","g",False,NULL
2823,248,"pepper","5.0","g",False,NULL
2824,248,"amchur powder","5.0","g",False,NULL
2825,248,"oregano","5.0","g",False,NULL
2826,248,"salt","1.0","g",True,NULL
2827,248,"sugar","2.5","g",False,NULL
2828,248,"chicken","500.0","g",False,NULL
2829,248,"vinegar","5.0","ml",False,NULL
2830,248,"flour","1.0","g",True,NULL
2831,248,"water","1.0","ml",True,NULL
2832,248,"oil","1.0","ml",True,NULL
2833,249,"fish","200.0","g",False,NULL
2834,249,"bread","240.0","g",False,NULL
2835,249,"flour","30.0","g",False,NULL
2836,249,"lemon","15.0","g",False,NULL
2837,249,"pepper","5.0","g",False,NULL
2838,249,"salt","1.0","g",True,NULL
2839,249,"mixed herbs","5.0","g",False,NULL
2840,250,"onion","100.0","g",False,NULL
2841,250,"tomato","115.0","g",False,NULL
2842,250,"capsicum","100.0","g",False,NULL
2843,250,"butter","15.0","g",False,NULL
2844,250,"ghee","15.0","ml",False,NULL
2845,250,"curry powder","5.0","g",False,NULL
2846,250,"cumin","5.0","g",False,NULL
2847,250,"garlic","5.0","g",False,NULL
2848,250,"green chili","5.0","g",False,NULL
2849,250,"water","30.0","ml",False,NULL
2850,250,"egg","150.0","g",False,NULL
2851,250,"salt","1.0","g",True,NULL
2852,250,"black pepper","1.0","g",True,NULL
2853,250,"cream","15.0","ml",False,NULL
2854,250,"coriander","30.0","g",False,NULL
2855,250,"bread","4.0","g",False,NULL
2856,250,"cheese","1.0","g",True,NULL
2857,251,"cucumber","1.0","g",False,NULL
2858,251,"yogurt","120.0","ml",False,NULL
2859,251,"bread","4.0","g",False,NULL
2860,251,"salt","1.0","g",True,NULL
2861,251,"black pepper","1.0","g",False,NULL
2862,251,"green chili","5.0","g",True,NULL
2863,251,"coriander","15.0","g",False,NULL
2864,252,"capsicum","100.0","g",False,NULL
2865,252,"carrot","100.0","g",False,NULL
2866,252,"cucumber","1.0","g",False,NULL
2867,252,"tomato","100.0","g",False,NULL
2868,252,"pepper","1.0","g",True,NULL
2869,252,"salt","1.0","g",True,NULL
2870,252,"mayonnaise","30.0","g",False,NULL
2871,252,"bread","2.0","g",False,NULL
2872,252,"butter","1.0","g",True,NULL
2873,253,"paneer","240.0","g",False,NULL
2874,253,"corn","240.0","g",False,NULL
2875,253,"pepper","2.5","g",False,NULL
2876,253,"salt","1.0","g",True,NULL
2877,253,"oregano","2.5","g",False,NULL
2878,253,"chili","2.5","g",False,NULL
2879,253,"sauce","30.0","ml",False,NULL
2880,253,"ketchup","15.0","g",False,NULL
2881,253,"mayonnaise","15.0","g",False,NULL
2882,253,"green chutney","1.0","g",True,NULL
2883,253,"bread","4.0","g",False,NULL
2884,253,"cheese","2.0","g",False,NULL
2885,253,"butter","1.0","g",True,NULL
2886,254,"flour","480.0","g",False,NULL
2887,254,"oil","30.0","ml",False,NULL
2888,254,"salt","1.0","g",True,NULL
2889,254,"black pepper","2.5","g",False,NULL
2890,254,"curd","240.0","ml",False,NULL
2891,254,"onion","100.0","g",True,NULL
2892,254,"tomato","100.0","g",True,NULL
2893,255,"curd","30.0","ml",False,NULL
2894,255,"mustard","15.0","g",False,NULL
2895,255,"red chili","1.0","g",True,NULL
2896,255,"garam masala","1.0","g",True,NULL
2897,255,"little kasuri powder","1.0","g",False,NULL
2898,255,"garlic","22.5","g",False,NULL
2899,255,"lemon","15.0","g",False,NULL
2900,255,"paneer","1.0","g",True,NULL
2901,255,"flour","1.0","g",True,NULL
2902,255,"sauce","2.0","ml",True,NULL
2903,255,"tomato","1.0","g",False,NULL
2904,255,"onion","1.0","g",False,NULL
2905,255,"little chilli powder","1.0","g",False,NULL
2906,255,"pepper","1.0","g",False,NULL
2907,255,"ketchup","1.0","g",True,NULL
2908,256,"chicken","10.5","g",False,NULL
2909,256,"yogurt","120.0","ml",False,NULL
2910,256,"red chili","5.0","g",False,NULL
2911,256,"garam masala","15.0","g",False,NULL
2912,256,"turmeric","1.25","g",False,NULL
2913,256,"coriander","65.0","g",False,NULL
2914,256,"cumin","7.5","g",False,NULL
2915,256,"salt","7.5","g",False,NULL
2916,256,"lemon","15.0","g",False,NULL
2917,256,"kasuri","15.0","g",False,NULL
2918,256,"garlic","75.0","g",False,NULL
2919,256,"mustard","15.0","g",False,NULL
2920,256,"ghee","45.0","ml",False,NULL
2921,256,"onion","2520.0","g",False,NULL
2922,256,"green chili","5.0","g",True,NULL
2923,256,"sugar","5.0","g",True,NULL
2924,256,"tomato","1.1","g",False,NULL
2925,256,"water","240.0","ml",False,NULL
2926,256,"fenugreek","15.0","g",False,NULL
2927,256,"cashew","120.0","g",False,NULL
2928,256,"cream","45.0","ml",False,NULL
2929,257,"samosa dough","1.0","g",True,NULL
2930,257,"potato","301.0","g",False,NULL
2931,257,"onion","100.0","g",False,NULL
2932,257,"coriander","1.0","g",False,NULL
2933,257,"oil","1.0","ml",False,NULL
2934,258,"potato","240.0","g",False,NULL
2935,258,"pea","120.0","g",False,NULL
2936,258,"yogurt","120.0","ml",False,NULL
2937,258,"tamarind chutney","30.0","g",False,NULL
2938,258,"green chutney","30.0","g",False,NULL
2939,258,"chaat masala","5.0","g",False,NULL
2940,258,"cumin","2.5","g",False,NULL
2941,258,"chili","1.25","g",False,NULL
2942,258,"coriander","30.0","g",False,NULL
2943,258,"flour","60.0","g",False,NULL
2944,259,"corn","240.0","g",False,NULL
2945,259,"butter","15.0","g",False,NULL
2946,259,"chili","2.5","g",False,NULL
2947,259,"chaat masala","2.5","g",False,NULL
2948,259,"lemon","5.0","g",False,NULL
2949,259,"salt","1.0","g",True,NULL
2950,259,"coriander","15.0","g",False,NULL
2951,260,"moong","240.0","g",False,NULL
2952,260,"tomato","100.0","g",False,NULL
2953,260,"onion","100.0","g",False,NULL
2954,260,"green chili","5.0","g",True,NULL
2955,260,"lemon","15.0","g",False,NULL
2956,260,"chaat masala","5.0","g",False,NULL
2957,260,"chili","2.5","g",False,NULL
2958,260,"salt","1.0","g",True,NULL
2959,260,"coriander","30.0","g",False,NULL
2960,261,"lemon","15.0","g",False,NULL
2961,261,"chaat masala","5.0","g",False,NULL
2962,261,"salt","3.5","g",False,NULL
2963,261,"chili","1.25","g",False,NULL
2964,262,"chicken","500.0","g",False,NULL
2965,262,"turmeric","1.25","g",False,NULL
2966,262,"yogurt","105.0","ml",False,NULL
2967,262,"garlic","15.0","g",False,NULL
2968,262,"garam masala","6.25","g",False,NULL
2969,262,"red chili","5.0","g",False,NULL
2970,262,"salt","3.75","g",False,NULL
2971,262,"oil","172.5","ml",False,NULL
2972,262,"cardamom","0.6000000000000001","g",False,NULL
2973,262,"onion","240.0","g",False,NULL
2974,262,"cashew","15.0","g",False,NULL
2975,262,"indian bay leaf","1.0","g",True,NULL
2976,262,"clove","0.4","g",True,NULL
2977,262,"cinnamon","2.0","g",True,NULL
2978,262,"chili","6.25","g",False,NULL
2979,262,"water","120.0","ml",False,NULL
2980,262,"coriander","52.5","g",False,NULL
2981,262,"cilantro","30.0","g",False,NULL
2982,263,"red chili","62.5","g",False,NULL
2983,263,"garlic","45.0","g",False,NULL
2984,263,"sugar","3.75","g",True,NULL
2985,263,"salt","4.15","g",True,NULL
2986,263,"lemon","15.0","g",False,NULL
2987,263,"yogurt","120.0","ml",False,NULL
2988,263,"chicken","600.0","g",False,NULL
2989,263,"turmeric","1.25","g",False,NULL
2990,263,"cumin","5.0","g",False,NULL
2991,263,"curry leafs","4.0","g",False,NULL
2992,263,"flour","90.0","g",False,NULL
2993,263,"curd","15.0","ml",False,NULL
2994,263,"oil","2520.0","ml",False,NULL
2995,263,"chili","30.0","g",False,NULL
2996,263,"pepper","2.5","g",True,NULL
2997,265,"chicken","500.0","g",False,NULL
2998,265,"oil","30.0","ml",False,NULL
2999,265,"onion","240.0","g",False,NULL
3000,265,"chili","10.0","g",False,NULL
3001,265,"garlic","15.0","g",False,NULL
3002,265,"tomato","120.0","g",False,NULL
3003,265,"yogurt","3.75","ml",False,NULL
3004,265,"salt","2.5","g",True,NULL
3005,265,"milk","120.0","ml",False,NULL
3006,265,"coriander","35.0","g",False,NULL
3007,265,"turmeric","1.25","g",False,NULL
3008,265,"bay leaf","1.0","g",False,NULL
3009,265,"clove","0.4","g",False,NULL
3010,265,"cinnamon","2.0","g",False,NULL
3011,265,"cardamom","0.6","g",False,NULL
3012,266,"onion","240.0","g",False,NULL
3013,266,"garlic","7.5","g",False,NULL
3014,266,"tomato","240.0","g",False,NULL
3015,266,"salt","2.0","g",True,NULL
3016,266,"pepper","5.0","g",False,NULL
3017,266,"chili","1.25","g",False,NULL
3018,266,"garam masala powder","3.75","g",False,NULL
3019,266,"curry leafs","1.0","g",False,NULL
3020,266,"cumin","2.5","g",False,NULL
3021,266,"cardamom","0.4","g",False,NULL
3022,266,"cinnamon","1.0","g",False,NULL
3023,266,"clove","0.3","g",False,NULL
3024,266,"oil","30.0","ml",False,NULL
3025,266,"chicken","500.0","g",False,NULL
3026,266,"turmeric","0.62","g",False,NULL
3027,266,"milk","45.0","ml",True,NULL
3028,267,"wheat","1.0","g",False,NULL
3029,267,"tea","11.0","g",False,NULL
3030,267,"your questions answered","1.0","g",False,NULL
3031,267,"water","480.0","ml",False,NULL
3032,267,"sugar","20.0","g",False,NULL
3033,267,"milk","60.0","ml",False,NULL
3034,267,"cinnamon","1.0","g",False,NULL
3035,267,"cardamom","0.4","g",False,NULL
3036,267,"clove","0.2","g",False,NULL
3037,267,"ginger","1.0","g",False,NULL
3038,268,"wheat","1.0","g",False,NULL
3039,268,"expert tips","1.0","g",False,NULL
3040,268,"faqs","1.0","g",False,NULL
3041,268,"tea","156.5","g",False,NULL
3042,268,"cutting chai","1.0","g",False,NULL
3043,268,"mint","1.0","g",False,NULL
3044,268,"water","482.0","ml",False,NULL
3045,268,"cardamom","0.8","g",False,NULL
3046,268,"clove","0.3","g",False,NULL
3047,268,"cinnamon","0.75","g",True,NULL
3048,268,"milk","480.0","ml",False,NULL
3049,268,"sugar","60.0","g",False,NULL
3050,269,"milk","240.0","ml",False,NULL
3051,269,"turmeric","2.25","g",False,NULL
3052,269,"pepper","0.5","g",False,NULL
3053,270,"lemon","96.0","g",False,NULL
3054,270,"your questions answered","1.0","g",False,NULL
3055,270,"date cake","1.0","g",False,NULL
3056,270,"fruit cake","1.0","g",False,NULL
3057,270,"apple cake","1.0","g",False,NULL
3058,270,"mango cake","1.0","g",False,NULL
3059,270,"stberry cake","1.0","g",False,NULL
3060,270,"sugar","1.0","g",False,NULL
3061,270,"cream","1.0","ml",False,NULL
3062,270,"berry compote","1.0","g",False,NULL
3063,270,"tea","1.0","g",False,NULL
3064,270,"butter","0.5","g",True,NULL
3065,270,"salt","100.0","g",False,NULL
3066,270,"milk","157.5","ml",False,NULL
3067,270,"vanilla","5.0","g",False,NULL
3068,271,"tea","31.0","g",False,NULL
3069,271,"expert tips","1.0","g",False,NULL
3070,271,"faqs","1.0","g",False,NULL
3071,271,"printable","1.0","g",False,NULL
3072,271,"water","1260.0","ml",False,NULL
3073,271,"sugar","120.0","g",False,NULL
3074,271,"lemon","96.0","g",False,NULL
3075,271,"ice cubes","1.0","g",True,NULL
3076,271,"black pepper","30.0","g",False,NULL
3077,272,"water","3.0","ml",False,NULL
3078,272,"mint","72.0","g",False,NULL
3079,272,"salt","3.0","g",False,NULL
3080,272,"ice cubes","1.0","g",True,NULL
3081,272,"sugar","30.0","g",True,NULL
3082,272,"lemon","2.5","g",False,NULL
3083,272,"orange segments removed","1.0","g",False,NULL
3084,273,"oranges","850.0","g",False,NULL
3085,273,"lemon","15.0","g",True,NULL
3086,273,"sugar","1.0","g",False,NULL
3087,274,"pineapple","480.0","g",False,NULL
3088,274,"water","240.0","ml",False,NULL
3089,274,"ice cubes","6.0","g",False,NULL
3090,274,"sugar","30.0","g",False,NULL
3091,274,"salt","0.62","g",True,NULL
3092,274,"cumin","2.5","g",True,NULL
3093,275,"thandai","1.0","g",False,NULL
3094,275,"aam panna","1.0","g",False,NULL
3095,275,"jigarthanda","1.0","g",False,NULL
3096,275,"nannari","1.0","g",False,NULL
3097,275,"wood apple elephant","3.0","g",False,NULL
3098,275,"water","960.0","ml",False,NULL
3099,275,"jaggery","180.0","g",False,NULL
3100,275,"cardamom","1.65","g",False,NULL
3101,275,"cumin","1.65","g",False,NULL
3102,275,"salt","1.0","g",False,NULL
3103,276,"reducing inflammation","1.0","g",False,NULL
3104,276,"fighting cancer","1.0","g",False,NULL
3105,276,"lowering blood pressure","1.0","g",False,NULL
3106,276,"pomegranate sized","2.0","g",False,NULL
3107,276,"salt","0.5","g",True,NULL
3108,277,"cardamom","5.0","g",False,NULL
3109,277,"cinnamon","1.0","g",False,NULL
3110,277,"vanilla","2.5","g",False,NULL
3111,277,"water","31.0","ml",False,NULL
3112,277,"dash nutmeg","1.0","g",False,NULL
3113,277,"mangoes alphonso","480.0","g",False,NULL
3114,277,"sugar","60.0","g",False,NULL
3115,277,"curd","480.0","ml",False,NULL
3116,277,"cream","90.0","ml",False,NULL
3117,277,"ice cubes","4.0","g",True,NULL
3118,277,"saffron","8.0","g",False,NULL
3119,277,"mint","3.0","g",False,NULL
3120,277,"mangoes","30.0","g",False,NULL
3121,277,"almond","15.0","g",False,NULL
3122,277,"chocolate","15.0","g",False,NULL
3123,277,"yogurt","1.0","ml",True,NULL
3124,278,"significance diwali","1.0","g",False,NULL
3125,278,"diwali","1.0","g",False,NULL
3126,278,"diwali sweets","1.0","g",False,NULL
3127,278,"popular sweets","1.0","g",False,NULL
3128,278,"ladoo","1.0","g",False,NULL
3129,278,"kheer & payasam","1.0","g",False,NULL
3130,278,"halwa","1.0","g",False,NULL
3131,278,"barfi","1.0","g",False,NULL
3132,278,"homemade sweet treats","1.0","g",False,NULL
3133,278,"cakes & desserts","1.0","g",False,NULL
3134,279,"butter","36.0","g",False,NULL
3135,279,"wheat","1.0","g",False,NULL
3136,279,"dassana’s notes","1.0","g",False,NULL
3137,279,"cashew","27.0","g",False,NULL
3138,279,"water","439.2","ml",False,NULL
3139,279,"tomato","481.25","g",False,NULL
3140,279,"ginger","3.0","g",False,NULL
3141,279,"garlic","3.0","g",False,NULL
3142,279,"kashmiri chilli powder","2.5","g",False,NULL
3143,279,"paneer","200.0","g",False,NULL
3144,279,"fenugreek","5.0","g",True,NULL
3145,279,"garam masala","2.5","g",False,NULL
3146,279,"cream","45.0","ml",False,NULL
3147,279,"salt","1.0","g",True,NULL
3148,279,"cilantro","15.0","g",True,NULL
3149,280,"piyush","1.0","g",False,NULL
3150,280,"coffee","1.0","g",False,NULL
3151,280,"milk","482.0","ml",False,NULL
3152,280,"rose syrup","45.0","ml",False,NULL
3153,280,"water","5.0","ml",False,NULL
3154,280,"sugar","15.0","g",False,NULL
3155,280,"rose petals garnish","1.0","g",False,NULL
3156,281,"water","240.0","ml",False,NULL
3157,281,"almond","45.0","g",False,NULL
3158,281,"melon seeds","60.0","g",False,NULL
3159,281,"rose petals","31.0","g",False,NULL
3160,281,"fennel seeds","15.0","g",False,NULL
3161,281,"black pepper","2.5","g",False,NULL
3162,281,"cardamom","120.6","g",False,NULL
3163,281,"saffron","15.0","g",True,NULL
3164,281,"sugar","120.0","g",False,NULL
3165,281,"milk","1920.0","ml",False,NULL
3166,281,"ice cubes","1.0","g",True,NULL
3167,282,"green peas","2.0","g",False,NULL
3168,282,"water","482.0","ml",False,NULL
3169,282,"sugar","560.0","g",False,NULL
3170,282,"cardamom","5.0","g",False,NULL
3171,282,"cumin","10.0","g",False,NULL
3172,282,"pepper","1.25","g",False,NULL
3173,282,"black pepper","10.0","g",False,NULL
3174,282,"tea","90.0","g",False,NULL
3175,282,"mint","61.0","g",False,NULL
3176,282,"mangoes","565.0","g",False,NULL
3177,282,"salt","2.5","g",False,NULL
3178,282,"aam panna syrup","30.0","ml",False,NULL
3179,282,"ice cubes","3.0","g",False,NULL
3180,283,"cumin","16.0","g",False,NULL
3181,283,"fennel seeds","11.0","g",False,NULL
3182,283,"black pepper","4.5","g",False,NULL
3183,283,"mango powder","1.0","g",False,NULL
3184,283,"ginger","1.0","g",True,NULL
3185,283,"cardamom","0.4","g",False,NULL
3186,283,"mango powder amchur","10.0","g",False,NULL
3187,283,"chaat masala","5.0","g",False,NULL
3188,283,"asafoetida","1.0","g",False,NULL
3189,283,"salt","2.0","g",True,NULL
3190,283,"water","420.0","ml",False,NULL
3191,283,"mint","121.0","g",False,NULL
3192,283,"pepper","2.5","g",False,NULL
3193,283,"chaat masala powder","5.0","g",True,NULL
3194,283,"boondi","15.0","g",False,NULL
3195,284,"water","2100.0","ml",False,NULL
3196,284,"lemon","200.0","g",False,NULL
3197,284,"sugar","181.0","g",False,NULL
3198,284,"pepper","1.25","g",False,NULL
3199,284,"cumin","5.0","g",False,NULL
3200,284,"chaat masala powder","2.5","g",False,NULL
3201,284,"salt","2.5","g",False,NULL
3202,284,"mint","6.0","g",True,NULL
3203,284,"ice cubes","12.0","g",True,NULL
3204,285,"tea","13.0","g",False,NULL
3205,285,"expert tips","1.0","g",False,NULL
3206,285,"faqs","1.0","g",False,NULL
3207,285,"water","480.0","ml",False,NULL
3208,285,"sugar","22.0","g",False,NULL
3209,285,"mint","1.0","g",False,NULL
3210,286,"coffee","25.5","g",False,NULL
3211,286,"water","60.0","ml",False,NULL
3212,286,"sugar","60.0","g",False,NULL
3213,286,"milk","1201.0","ml",False,NULL
3214,286,"ice cubes","4.0","g",True,NULL
3215,286,"now place","1.0","g",False,NULL
3216,287,"stberries","250.0","g",False,NULL
3217,287,"milk","1080.0","ml",False,NULL
3218,287,"sugar","60.0","g",False,NULL
3219,287,"cream","2.0","ml",False,NULL
3220,287,"stberries hulled","250.0","g",False,NULL
3221,287,"vanilla","4.5","g",False,NULL
3222,287,"blend until smooth","2.0","g",False,NULL
3223,287,"green peas","1.0","g",False,NULL
3224,288,"water","61.0","ml",False,NULL
3225,288,"cocoa powder","45.0","g",False,NULL
3226,288,"sugar","60.0","g",False,NULL
3227,288,"milk","600.0","ml",False,NULL
3228,288,"ice cubes","6.0","g",True,NULL
3229,288,"cream","2.0","ml",True,NULL
3230,288,"sauce","30.0","ml",True,NULL
3231,288,"blend till smooth","1.0","g",False,NULL
3232,288,"chocolate","1.0","g",False,NULL
3233,289,"milk","480.0","ml",False,NULL
3234,289,"bananas sized","3.0","g",False,NULL
3235,289,"sugar","30.0","g",False,NULL
3236,289,"vanilla","2.5","g",False,NULL
3237,289,"cinnamon","1.25","g",False,NULL
3238,290,"water","2.0","ml",True,NULL
3239,290,"falooda sev","79.2","g",False,NULL
3240,290,"kulfi preferred flavor","4.0","g",False,NULL
3241,290,"pistachios","15.0","g",False,NULL
3242,290,"cashew","15.0","g",False,NULL
3243,290,"cooked falooda sev","15.0","g",False,NULL
3244,291,"potato","250.0","g",False,NULL
3245,291,"cheese","21.0","g",False,NULL
3246,291,"black pepper","1.25","g",False,NULL
3247,291,"salt","2.0","g",True,NULL
3248,291,"onion","100.0","g",False,NULL
3249,291,"tomato","200.0","g",False,NULL
3250,291,"almond","18.0","g",False,NULL
3251,291,"garlic","5.0","g",False,NULL
3252,291,"cumin","2.5","g",False,NULL
3253,291,"turmeric","1.25","g",False,NULL
3254,291,"kashmiri chilli powder","2.5","g",False,NULL
3255,291,"coriander","5.0","g",False,NULL
3256,291,"water","240.0","ml",False,NULL
3257,291,"garam masala","1.25","g",False,NULL
3258,291,"fenugreek","2.5","g",False,NULL
3259,291,"cream","45.0","ml",False,NULL
3260,291,"sugar","1.25","g",False,NULL
3261,291,"shape sized patties","1.0","g",False,NULL
3262,292,"turmeric","5.0","g",False,NULL
3263,292,"red chili","5.0","g",False,NULL
3264,292,"coriander","5.0","g",False,NULL
3265,292,"garam masala powder","2.5","g",False,NULL
3266,292,"cumin","5.0","g",True,NULL
3267,292,"paneer","1.0","g",False,NULL
3268,292,"kashmiri dum","1.0","g",False,NULL
3269,292,"sized","4.0","g",False,NULL
3270,292,"tightly packed","240.0","g",False,NULL
3271,292,"garlic","2.5","g",False,NULL
3272,292,"kashmiri chilli powder","5.0","g",False,NULL
3273,292,"garam masala","2.5","g",False,NULL
3274,292,"water","480.0","ml",False,NULL
3275,292,"cilantro","60.0","g",False,NULL
3276,292,"salt","1.0","g",True,NULL
3277,292,"tomato","120.0","g",False,NULL
3278,293,"egg","200.0","g",False,NULL
3279,293,"oil","30.0","ml",False,NULL
3280,293,"ghee","5.0","ml",False,NULL
3281,293,"onion","2460.0","g",False,NULL
3282,293,"tomato","240.0","g",False,NULL
3283,293,"green chili","5.0","g",True,NULL
3284,293,"garlic","5.0","g",False,NULL
3285,293,"salt","2.5","g",True,NULL
3286,293,"water","240.0","ml",True,NULL
3287,293,"coriander","17.5","g",False,NULL
3288,293,"fenugreek","1.25","g",True,NULL
3289,293,"sugar","2.5","g",True,NULL
3290,293,"cream","60.0","ml",False,NULL
3291,293,"bay leaf","1.0","g",False,NULL
3292,293,"cinnamon","1.0","g",False,NULL
3293,293,"cardamom","0.4","g",False,NULL
3294,293,"red chili","2.5","g",False,NULL
3295,293,"turmeric","0.62","g",False,NULL
3296,294,"paneer","236.0","g",False,NULL
3297,294,"ingredients you need","1.0","g",False,NULL
3298,294,"faqs","1.0","g",False,NULL
3299,294,"butter","46.0","g",False,NULL
3300,294,"tomato","720.0","g",False,NULL
3301,294,"cashew","30.0","g",False,NULL
3302,294,"ginger","3.0","g",False,NULL
3303,294,"garlic","4.0","g",False,NULL
3304,294,"cardamom","0.4","g",False,NULL
3305,294,"clove","0.4","g",False,NULL
3306,294,"water","241.0","ml",False,NULL
3307,294,"cumin","5.0","g",False,NULL
3308,294,"coriander","5.0","g",False,NULL
3309,294,"chili","6.0","g",False,NULL
3310,294,"onion","121.0","g",False,NULL
3311,294,"salt","1.0","g",True,NULL
3312,294,"sugar","1.25","g",False,NULL
3313,294,"garam masala","1.25","g",False,NULL
3314,294,"fenugreek","5.0","g",False,NULL
3315,294,"cream","60.0","ml",False,NULL
3316,294,"cilantro","15.0","g",False,NULL
3317,294,"gently mix combine","1.0","g",False,NULL
3318,295,"corn","203.0","g",False,NULL
3319,295,"capsicum","100.0","g",False,NULL
3320,295,"onion","101.0","g",False,NULL
3321,295,"chili","12.5","g",False,NULL
3322,295,"garlic","5.0","g",False,NULL
3323,295,"coriander","35.0","g",False,NULL
3324,295,"cumin","5.0","g",False,NULL
3325,295,"tomato","240.0","g",False,NULL
3326,295,"vinegar","2.5","ml",False,NULL
3327,295,"oil","30.0","ml",False,NULL
3328,295,"salt","2.0","g",True,NULL
3329,296,"wheat","1.0","g",False,NULL
3330,296,"paneer","272.0","g",False,NULL
3331,296,"faqs","1.0","g",False,NULL
3332,296,"cinnamon","2.0","g",False,NULL
3333,296,"cardamom","1.2","g",False,NULL
3334,296,"clove","0.4","g",False,NULL
3335,296,"single strand mace","2.0","g",False,NULL
3336,296,"red chili","8.0","g",False,NULL
3337,296,"coriander","5.0","g",False,NULL
3338,296,"cumin","5.0","g",False,NULL
3339,296,"turmeric","2.5","g",False,NULL
3340,296,"pepper","2.5","g",False,NULL
3341,296,"nutmeg","2.0","g",False,NULL
3342,296,"garam masala powder","1.25","g",False,NULL
3343,296,"water","1.0","ml",True,NULL
3344,296,"butter","11.0","g",False,NULL
3345,296,"oil","30.0","ml",False,NULL
3346,296,"garlic","2.5","g",False,NULL
3347,296,"garam masala","1.25","g",False,NULL
3348,296,"cream","60.0","ml",False,NULL
3349,296,"salt","1.0","g",True,NULL
3350,296,"tej patta sized","1.0","g",False,NULL
3351,296,"ginger","5.0","g",True,NULL
3352,296,"cilantro","7.5","g",False,NULL
3353,296,"pea","1.0","g",False,NULL
3354,297,"bharwa karela","1.0","g",False,NULL
3355,297,"bharwa baingan","1.0","g",False,NULL
3356,297,"bharwa tinda","1.0","g",False,NULL
3357,297,"capsicum","1.0","g",False,NULL
3358,297,"okra","200.0","g",False,NULL
3359,297,"oil","45.0","ml",False,NULL
3360,297,"mustard","2.5","g",False,NULL
3361,297,"turmeric","1.25","g",False,NULL
3362,297,"asafoetida","0.5","g",False,NULL
3363,297,"cilantro","1.0","g",False,NULL
3364,297,"garlic","1560.0","g",False,NULL
3365,297,"coconut","60.0","g",False,NULL
3366,297,"cumin","2.5","g",False,NULL
3367,297,"coriander","2.5","g",False,NULL
3368,297,"goda masala","10.0","g",False,NULL
3369,297,"lime","2.5","g",False,NULL
3370,297,"sugar","2.5","g",False,NULL
3371,297,"salt","1.0","g",True,NULL
3372,298,"single strands mace","3.0","g",False,NULL
3373,298,"cinnamon","2.5","g",False,NULL
3374,298,"cardamom","1.4","g",False,NULL
3375,298,"star anise","2.0","g",True,NULL
3376,298,"clove","0.6000000000000001","g",False,NULL
3377,298,"pepper","10.0","g",False,NULL
3378,298,"rice","480.0","g",False,NULL
3379,298,"water","4200.0","ml",False,NULL
3380,298,"salt","6.0","g",False,NULL
3381,298,"oil","60.0","ml",False,NULL
3382,298,"cumin","20.0","g",False,NULL
3383,298,"green chili","2.5","g",True,NULL
3384,298,"cilantro","15.0","g",False,NULL
3385,298,"single threads mace","2.0","g",False,NULL
3386,298,"coriander","15.0","g",True,NULL
3387,299,"ajwain carom seeds","2.5","g",False,NULL
3388,299,"chili","2.5","g",False,NULL
3389,299,"garam masala powder","2.5","g",False,NULL
3390,299,"salt","11.600000000000001","g",False,NULL
3391,299,"curd","361.0","ml",False,NULL
3392,299,"water","780.0","ml",False,NULL
3393,299,"red chili","5.0","g",False,NULL
3394,299,"turmeric","2.5","g",False,NULL
3395,299,"garam masala","5.0","g",False,NULL
3396,299,"generous asafoetida","1.0","g",False,NULL
3397,299,"flour","360.0","g",False,NULL
3398,299,"onion","559.2","g",False,NULL
3399,299,"carom seeds ajwain","2.5","g",False,NULL
3400,299,"mustard","31.0","g",False,NULL
3401,299,"ginger","15.0","g",False,NULL
3402,299,"garlic","11.25","g",False,NULL
3403,299,"fenugreek","8.0","g",False,NULL
3404,299,"green chili","11.0","g",False,NULL
3405,299,"cumin","5.0","g",False,NULL
3406,299,"curry leafs","8.0","g",False,NULL
3407,300,"idli sambar","1.0","g",False,NULL
3408,300,"thakkali sambar","1.0","g",False,NULL
3409,300,"vegetable sambar","1.0","g",False,NULL
3410,300,"drumstick sambar","1.0","g",False,NULL
3411,300,"lentil","120.0","g",False,NULL
3412,300,"onion","100.0","g",False,NULL
3413,300,"asafoetida","1.75","g",False,NULL
3414,300,"water","540.0","ml",False,NULL
3415,300,"pea","13.0","g",False,NULL
3416,300,"okra","8.0","g",False,NULL
3417,300,"brinjal","5.0","g",False,NULL
3418,300,"tomato","100.0","g",False,NULL
3419,300,"turmeric","2.5","g",False,NULL
3420,300,"salt","1.0","g",True,NULL
3421,300,"tamarind tightly packed","15.0","g",False,NULL
3422,300,"coconut","285.0","g",False,NULL
3423,300,"mustard","5.0","g",False,NULL
3424,300,"urad","5.0","g",False,NULL
3425,300,"curry leafs","13.0","g",False,NULL
3426,300,"red chili","10.0","g",False,NULL
3427,300,"cumin","15.0","g",False,NULL
3428,300,"coriander","30.0","g",False,NULL
3429,300,"fenugreek","1.25","g",False,NULL
3430,300,"pepper","1.25","g",False,NULL
3431,301,"tomato","1.0","g",False,NULL
3432,301,"variations","1.0","g",False,NULL
3433,301,"expert tips","1.0","g",False,NULL
3434,301,"faqs","1.0","g",False,NULL
3435,301,"lentil","120.0","g",False,NULL
3436,301,"oil","30.0","ml",False,NULL
3437,301,"mustard","2.5","g",False,NULL
3438,301,"cumin","2.5","g",False,NULL
3439,301,"curry leafs","10.0","g",False,NULL
3440,301,"green chili","5.0","g",False,NULL
3441,301,"garlic","45.0","g",False,NULL
3442,301,"chili","1.25","g",False,NULL
3443,301,"turmeric","1.25","g",False,NULL
3444,301,"asafoetida","0.5","g",False,NULL
3445,301,"water","480.0","ml",False,NULL
3446,301,"salt","1.0","g",True,NULL
3447,301,"coriander","16.0","g",False,NULL
3448,301,"wheat","2.0","g",False,NULL
3449,302,"lauki bottlegourd","360.0","g",False,NULL
3450,302,"split husked bengal","60.0","g",False,NULL
3451,302,"onion","100.0","g",False,NULL
3452,302,"tomato","200.0","g",False,NULL
3453,302,"green chili","5.0","g",False,NULL
3454,302,"ginger","1.0","g",False,NULL
3455,302,"turmeric","1.25","g",False,NULL
3456,302,"chili","1.25","g",False,NULL
3457,302,"punjabi garam masala","2.5","g",False,NULL
3458,302,"asafoetida","0.5","g",True,NULL
3459,302,"water","120.0","ml",False,NULL
3460,302,"oil","22.5","ml",False,NULL
3461,302,"coriander","15.0","g",False,NULL
3462,302,"salt","1.0","g",True,NULL
3463,303,"egg","150.0","g",False,NULL
3464,303,"oil","30.0","ml",False,NULL
3465,303,"onion","2460.0","g",False,NULL
3466,303,"garlic","52.5","g",False,NULL
3467,303,"tomato","180.0","g",False,NULL
3468,303,"green chili","5.0","g",False,NULL
3469,303,"chili","2.5","g",False,NULL
3470,303,"garam masala","3.75","g",False,NULL
3471,303,"turmeric","0.62","g",False,NULL
3472,303,"salt","2.5","g",False,NULL
3473,303,"kasuri","2.5","g",True,NULL
3474,303,"mint","30.0","g",False,NULL
3475,303,"curd","45.0","ml",False,NULL
3476,303,"bay leaf","1.0","g",False,NULL
3477,303,"cumin","2.5","g",False,NULL
3478,303,"clove","0.3","g",False,NULL
3479,303,"cardamom","0.4","g",False,NULL
3480,303,"cinnamon","1.0","g",False,NULL
3481,304,"lentil","79.2","g",False,NULL
3482,304,"water","600.0","ml",False,NULL
3483,304,"turmeric","2.75","g",False,NULL
3484,304,"tamarind","7.5","g",False,NULL
3485,304,"oil","30.0","ml",False,NULL
3486,304,"pea","79.2","g",False,NULL
3487,304,"tomato","79.2","g",False,NULL
3488,304,"drumsticks murungakkai","2.0","g",False,NULL
3489,304,"sambar powder","22.5","g",False,NULL
3490,304,"salt","2.0","g",True,NULL
3491,304,"mustard","3.5","g",False,NULL
3492,304,"chili","5.0","g",False,NULL
3493,304,"fenugreek","5.0","g",False,NULL
3494,304,"curry leafs","10.0","g",False,NULL
3495,304,"cilantro","15.0","g",False,NULL
3496,304,"quickly add asafoetida",NULL,NULL,False,NULL
3497,305,"olan","1.0","g",False,NULL
3498,305,"ulli theeyal","1.0","g",False,NULL
3499,305,"vegetable stew","1.0","g",False,NULL
3500,305,"varutharacha sambar","1.0","g",False,NULL
3501,305,"pea","79.2","g",False,NULL
3502,305,"salt","3.75","g",False,NULL
3503,305,"water","1380.0","ml",False,NULL
3504,305,"plantain banana","240.0","g",False,NULL
3505,305,"turmeric","1.25","g",False,NULL
3506,305,"pepper","1.25","g",False,NULL
3507,305,"jaggery","5.0","g",True,NULL
3508,305,"coconut","310.4","g",False,NULL
3509,305,"cumin","5.0","g",False,NULL
3510,305,"mustard","2.5","g",False,NULL
3511,305,"urad","2.5","g",False,NULL
3512,305,"curry leafs","68.0","g",False,NULL
3513,305,"black pepper","79.2","g",False,NULL
3514,305,"chili","50.0","g",False,NULL
3515,305,"rice","1.0","g",False,NULL
3516,306,"coconut","75.0","g",False,NULL
3517,306,"beetroot ly","480.0","g",False,NULL
3518,306,"green chili","2.5","g",False,NULL
3519,306,"curry leafs","10.0","g",False,NULL
3520,306,"mustard","5.0","g",False,NULL
3521,306,"urad","5.0","g",False,NULL
3522,306,"asafoetida","0.5","g",False,NULL
3523,306,"salt","1.0","g",True,NULL
3524,306,"water","158.4","ml",False,NULL
3525,307,"cabbage","353.0","g",False,NULL
3526,307,"oil","60.0","ml",False,NULL
3527,307,"pea","6.0","g",False,NULL
3528,307,"green chili","5.0","g",False,NULL
3529,307,"curry leafs","10.0","g",False,NULL
3530,307,"mustard","2.5","g",False,NULL
3531,307,"urad","5.0","g",False,NULL
3532,307,"turmeric","2.5","g",False,NULL
3533,307,"asafoetida","0.5","g",False,NULL
3534,307,"water","120.0","ml",False,NULL
3535,307,"coconut","90.0","g",False,NULL
3536,307,"coriander","60.0","g",False,NULL
3537,307,"salt","1.0","g",True,NULL
3538,307,"onion","60.0","g",False,NULL
3539,307,"saute a minute","1.0","g",False,NULL
3540,308,"coconut","255.0","g",False,NULL
3541,308,"mustard","2.5","g",False,NULL
3542,308,"cumin","2.5","g",False,NULL
3543,308,"pea","6.0","g",False,NULL
3544,308,"garlic","3.0","g",False,NULL
3545,308,"green chili","5.0","g",False,NULL
3546,308,"curry leafs","10.0","g",False,NULL
3547,308,"turmeric","1.25","g",False,NULL
3548,308,"bean","250.0","g",False,NULL
3549,308,"water","139.2","ml",False,NULL
3550,309,"tuvar","15.0","g",False,NULL
3551,309,"coriander","10.0","g",False,NULL
3552,309,"cumin","5.0","g",False,NULL
3553,309,"rice","6.0","g",False,NULL
3554,309,"green chili","30.0","g",False,NULL
3555,309,"ginger","2.0","g",False,NULL
3556,309,"curry leafs","17.0","g",False,NULL
3557,309,"coconut","120.0","g",False,NULL
3558,309,"kara kuzhambu","1.0","g",False,NULL
3559,309,"vatha kuzhambu","1.0","g",False,NULL
3560,309,"poricha kuzhambu","1.0","g",False,NULL
3561,309,"ennai kathirikai kulambu","1.0","g",False,NULL
3562,309,"lentil","15.0","g",False,NULL
3563,309,"water","300.0","ml",False,NULL
3564,309,"turmeric","1.25","g",False,NULL
3565,309,"curd","240.0","ml",False,NULL
3566,309,"salt","1.0","g",False,NULL
3567,309,"oil","15.0","ml",False,NULL
3568,309,"mustard","3.5","g",False,NULL
3569,309,"fenugreek","1.25","g",False,NULL
3570,309,"chili","5.0","g",False,NULL
3571,309,"generous asafoetida","0.5","g",False,NULL
3572,310,"mor kuzhambu","1.0","g",False,NULL
3573,310,"kara kuzhambu","1.0","g",False,NULL
3574,310,"poricha kuzhambu","1.0","g",False,NULL
3575,310,"ennai kathirikai kulambu","1.0","g",False,NULL
3576,310,"lemon","50.0","g",False,NULL
3577,310,"water","960.0","ml",False,NULL
3578,310,"oil","45.0","ml",False,NULL
3579,310,"black pepper","45.0","g",False,NULL
3580,310,"mustard","3.5","g",False,NULL
3581,310,"fenugreek","2.5","g",False,NULL
3582,310,"chili","5.0","g",False,NULL
3583,310,"curry leafs","8.0","g",False,NULL
3584,310,"asafoetida","0.5","g",False,NULL
3585,310,"sambar powder","22.5","g",False,NULL
3586,310,"salt","1.0","g",True,NULL
3587,310,"flour","5.0","g",True,NULL
3588,310,"jaggery","2.5","g",True,NULL
3589,311,"turmeric","2.5","g",False,NULL
3590,311,"cumin","5.0","g",False,NULL
3591,311,"fennel powder","5.0","g",True,NULL
3592,311,"garam masala powder","2.5","g",False,NULL
3593,311,"red chili","5.0","g",False,NULL
3594,311,"coriander","55.0","g",False,NULL
3595,311,"soy","240.0","ml",False,NULL
3596,311,"water","1200.0","ml",False,NULL
3597,311,"salt","2.5","g",True,NULL
3598,311,"coconut","60.0","g",False,NULL
3599,311,"onion","240.0","g",False,NULL
3600,311,"tomato","120.0","g",False,NULL
3601,311,"garlic","5.0","g",False,NULL
3602,311,"kashmiri chilli powder","5.0","g",False,NULL
3603,311,"garam masala","2.5","g",False,NULL
3604,311,"mint","30.0","g",False,NULL
3605,311,"milk","240.0","ml",False,NULL
3606,311,"curry leafs","12.0","g",False,NULL
3607,311,"green chili","5.0","g",False,NULL
3608,312,"bitter gourd karela","250.0","g",False,NULL
3609,312,"turmeric","1.25","g",False,NULL
3610,312,"chili","2.5","g",False,NULL
3611,312,"cumin","2.5","g",False,NULL
3612,312,"coriander","6.0","g",False,NULL
3613,312,"fennel powder ground","5.0","g",False,NULL
3614,312,"garam masala","1.25","g",False,NULL
3615,312,"asafoetida","0.5","g",True,NULL
3616,312,"flour","15.0","g",False,NULL
3617,312,"oil","30.0","ml",False,NULL
3618,312,"salt","1.0","g",True,NULL
3619,313,"cashew","16.0","g",False,NULL
3620,313,"ginger","2.0","g",False,NULL
3621,313,"garlic","10.0","g",False,NULL
3622,313,"fennel seeds","5.0","g",False,NULL
3623,313,"cinnamon","2.0","g",False,NULL
3624,313,"clove","0.4","g",False,NULL
3625,313,"cardamom","0.8","g",False,NULL
3626,313,"caay seeds shahi","2.5","g",False,NULL
3627,313,"turmeric","3.75","g",False,NULL
3628,313,"chili","2.5","g",False,NULL
3629,313,"coriander","5.0","g",False,NULL
3630,313,"garam masala powder","2.5","g",False,NULL
3631,313,"bread","1.0","g",False,NULL
3632,313,"potato","250.0","g",False,NULL
3633,313,"water","949.2","ml",False,NULL
3634,313,"salt","2.25","g",False,NULL
3635,313,"onion","24000.0","g",False,NULL
3636,313,"yogurt","60.0","ml",False,NULL
3637,313,"ghee","30.0","ml",False,NULL
3638,313,"shahi caay seeds","2.5","g",False,NULL
3639,313,"red chili","2.5","g",False,NULL
3640,313,"garam masala","2.5","g",False,NULL
3641,313,"cilantro","15.0","g",False,NULL
3642,314,"cumin","5.0","g",False,NULL
3643,314,"coriander","10.0","g",False,NULL
3644,314,"chili","1.25","g",False,NULL
3645,314,"turmeric","2.5","g",False,NULL
3646,314,"okra","200.0","g",False,NULL
3647,314,"potato","151.0","g",False,NULL
3648,314,"garlic","5.0","g",False,NULL
3649,314,"garam masala add","1.25","g",True,NULL
3650,314,"red chili","1.25","g",False,NULL
3651,314,"asafoetida","0.5","g",True,NULL
3652,314,"fenugreek","1.25","g",True,NULL
3653,314,"oil","45.0","ml",False,NULL
3654,314,"salt","1.0","g",True,NULL
3655,314,"sauté minutes","1.0","g",False,NULL
3656,315,"paneer","2.0","g",False,NULL
3657,315,"chaman","1.0","g",False,NULL
3658,315,"onion","79.2","g",False,NULL
3659,315,"cashew","60.0","g",False,NULL
3660,315,"cumin","5.0","g",False,NULL
3661,315,"garlic","5.0","g",False,NULL
3662,315,"ginger","5.0","g",False,NULL
3663,315,"pepper","5.0","g",False,NULL
3664,315,"oil","30.0","ml",False,NULL
3665,315,"fenugreek","240.0","g",False,NULL
3666,315,"water","240.0","ml",False,NULL
3667,315,"green peas","135.0","g",False,NULL
3668,315,"cream","120.0","ml",False,NULL
3669,315,"sugar","2.5","g",False,NULL
3670,315,"salt","1.0","g",True,NULL
3671,315,"cilantro","15.0","g",False,NULL
3672,316,"curry leafs","3.0","g",False,NULL
3673,316,"chili","1.25","g",False,NULL
3674,316,"coriander","18.5","g",False,NULL
3675,316,"garam masala powder","1.25","g",False,NULL
3676,316,"pepper","2.5","g",False,NULL
3677,316,"lauki kofta","1.0","g",False,NULL
3678,316,"dum","1.0","g",False,NULL
3679,316,"paneer","16.0","g",False,NULL
3680,316,"veg kadai","1.0","g",False,NULL
3681,316,"veg kolhapuri","1.0","g",False,NULL
3682,316,"cashew","19.0","g",False,NULL
3683,316,"water","765.0","ml",False,NULL
3684,316,"onion","181.0","g",False,NULL
3685,316,"green chili","5.0","g",False,NULL
3686,316,"garlic","5.0","g",False,NULL
3687,316,"ginger","5.0","g",False,NULL
3688,316,"tomato","125.0","g",False,NULL
3689,316,"carrot","70.0","g",False,NULL
3690,316,"capsicum","85.0","g",False,NULL
3691,316,"potato","75.0","g",False,NULL
3692,316,"cauliflower","115.0","g",False,NULL
3693,316,"green peas","80.0","g",False,NULL
3694,316,"cheese","120.0","g",True,NULL
3695,316,"kashmiri chilli powder","3.75","g",False,NULL
3696,316,"garam masala","2.5","g",False,NULL
3697,316,"bean","120.0","g",False,NULL
3698,316,"salt","3.0","g",True,NULL
3699,316,"oil","46.0","ml",True,NULL
3700,316,"cinnamon","1.0","g",False,NULL
3701,316,"cardamom","0.6000000000000001","g",False,NULL
3702,316,"single strands mace","2.0","g",False,NULL
3703,316,"turmeric","2.5","g",False,NULL
3704,316,"yogurt","45.0","ml",False,NULL
3705,316,"fenugreek","1.25","g",False,NULL
3706,316,"cream","45.0","ml",False,NULL
3707,316,"black pepper","1.25","g",False,NULL
3708,317,"coriander","120.0","g",False,NULL
3709,317,"cumin","60.0","g",False,NULL
3710,317,"pepper","10.0","g",False,NULL
3711,317,"fennel seeds","30.0","g",False,NULL
3712,317,"clove","1.2","g",False,NULL
3713,317,"cardamom","2.4","g",False,NULL
3714,317,"cinnamon","4.0","g",False,NULL
3715,317,"tej patta","2.0","g",False,NULL
3716,317,"blade mace","2.0","g",True,NULL
3717,317,"caay seeds shahi","10.0","g",False,NULL
3718,317,"mustard","5.0","g",True,NULL
3719,317,"nutmeg","5.0","g",False,NULL
3720,317,"turmeric","10.0","g",False,NULL
3721,317,"asafoetida","2.5","g",False,NULL
3722,317,"garlic","10.0","g",False,NULL
3723,317,"salt","10.0","g",False,NULL
3724,317,"ginger","5.0","g",False,NULL
3725,318,"navratri festival","1.0","g",False,NULL
3726,318,"navratri festival india","1.0","g",False,NULL
3727,318,"navratri fasting","1.0","g",False,NULL
3728,318,"fasting ingredients","1.0","g",False,NULL
3729,318,"navratri","1.0","g",False,NULL
3730,318,"bread","1.0","g",False,NULL
3731,318,"chutney & raita","1.0","g",False,NULL
3732,318,"sweets & desserts","1.0","g",False,NULL
3733,318,"south indian navratri","1.0","g",False,NULL
3734,318,"sabudana sago","1.0","g",False,NULL
3735,318,"pea","1.0","g",False,NULL
3736,318,"salt","1.0","g",False,NULL
3737,319,"turmeric","5.0","g",False,NULL
3738,319,"chili","5.0","g",False,NULL
3739,319,"okra","500.0","g",False,NULL
3740,319,"onion","201.0","g",False,NULL
3741,319,"red chili","5.0","g",False,NULL
3742,319,"mango powder amchur","5.0","g",False,NULL
3743,319,"garam masala","5.0","g",False,NULL
3744,319,"oil","60.0","ml",False,NULL
3745,319,"salt","1.0","g",True,NULL
3746,320,"egg","200.0","g",False,NULL
3747,320,"salt","1.25","g",False,NULL
3748,320,"oil","30.0","ml",False,NULL
3749,320,"cumin","2.5","g",False,NULL
3750,320,"onion","120.0","g",False,NULL
3751,320,"green chili","5.0","g",False,NULL
3752,320,"garlic","3.75","g",False,NULL
3753,320,"garam masala","3.75","g",False,NULL
3754,320,"chili","2.5","g",True,NULL
3755,320,"turmeric","0.62","g",False,NULL
3756,320,"coriander","30.0","g",False,NULL
3757,320,"tomato","100.0","g",True,NULL
3758,320,"capsicum","60.0","g",True,NULL
3759,321,"tendli fry","1.0","g",False,NULL
3760,321,"bhindi sabzi","1.0","g",False,NULL
3761,321,"ginger","3.0","g",False,NULL
3762,321,"turmeric","2.5","g",False,NULL
3763,321,"chili","7.5","g",False,NULL
3764,321,"coriander","40.0","g",False,NULL
3765,321,"bharwa bhindi","1.0","g",False,NULL
3766,321,"bhindi masala","1.0","g",False,NULL
3767,321,"kurkuri bhindi","1.0","g",False,NULL
3768,321,"bhindi do pyaza","1.0","g",False,NULL
3769,321,"okra","251.0","g",False,NULL
3770,321,"oil","30.0","ml",False,NULL
3771,321,"onion","100.0","g",False,NULL
3772,321,"green chili","5.0","g",False,NULL
3773,321,"kashmiri chilli powder","2.5","g",False,NULL
3774,321,"garam masala","2.5","g",False,NULL
3775,321,"cilantro","30.0","g",False,NULL
3776,321,"salt","2.0","g",True,NULL
3777,322,"bread","1.0","g",False,NULL
3778,322,"pizza sandwich","1.0","g",False,NULL
3779,322,"bruschetta","1.0","g",False,NULL
3780,322,"pizza without oven","1.0","g",False,NULL
3781,322,"puff pastry sheets","300.0","g",False,NULL
3782,322,"potato","120.0","g",False,NULL
3783,322,"carrot","79.2","g",False,NULL
3784,322,"green peas","79.2","g",False,NULL
3785,322,"onion","240.0","g",False,NULL
3786,322,"garlic","2.5","g",False,NULL
3787,322,"turmeric","1.25","g",False,NULL
3788,322,"chili","1.25","g",False,NULL
3789,322,"garam masala","1.25","g",False,NULL
3790,322,"salt","1.0","g",True,NULL
3791,322,"cilantro","30.0","g",False,NULL
3792,322,"water","1.0","ml",False,NULL
3793,323,"mushroom","1.0","g",False,NULL
3794,323,"gucchi pulao","1.0","g",False,NULL
3795,323,"expert tips","1.0","g",False,NULL
3796,323,"faqs","1.0","g",False,NULL
3797,323,"cardamom","1.2","g",False,NULL
3798,323,"clove","0.4","g",False,NULL
3799,323,"cinnamon","2.0","g",False,NULL
3800,323,"cumin","5.0","g",False,NULL
3801,323,"rice","242.0","g",False,NULL
3802,323,"ghee","46.0","ml",False,NULL
3803,323,"kashmiri pulao","1.0","g",False,NULL
3804,323,"yakhni pulao","1.0","g",False,NULL
3805,323,"tej patta","1.0","g",False,NULL
3806,323,"onion","240.0","g",False,NULL
3807,323,"water","495.0","ml",False,NULL
3808,323,"salt","1.0","g",True,NULL
3809,323,"saffron","12.0","g",False,NULL
3810,323,"pan","1.0","g",False,NULL
3811,325,"mint","480.0","g",False,NULL
3812,325,"cilantro","240.0","g",False,NULL
3813,325,"ginger","3.0","g",False,NULL
3814,325,"garlic","5.5","g",False,NULL
3815,325,"coconut","31.0","g",False,NULL
3816,325,"coriander","10.0","g",False,NULL
3817,325,"cumin","5.0","g",False,NULL
3818,325,"cinnamon","2.0","g",False,NULL
3819,325,"cardamom","0.8","g",False,NULL
3820,325,"clove","0.5","g",False,NULL
3821,325,"single strands mace","2.0","g",False,NULL
3822,325,"curd","1.0","ml",False,NULL
3823,325,"rice","241.0","g",False,NULL
3824,325,"carrot","1.0","g",False,NULL
3825,325,"capsicum","1.0","g",False,NULL
3826,325,"green chili","5.0","g",False,NULL
3827,325,"water","390.0","ml",False,NULL
3828,325,"onion","121.0","g",False,NULL
3829,325,"tomato","100.0","g",True,NULL
3830,325,"potato","150.0","g",False,NULL
3831,325,"green peas","60.0","g",False,NULL
3832,325,"salt","1.0","g",True,NULL
3833,326,"mirchi ka salan","1.0","g",False,NULL
3834,326,"shorba","1.0","g",False,NULL
3835,326,"onion","241.0","g",False,NULL
3836,326,"boondi raita","1.0","g",False,NULL
3837,326,"cucumber raita","1.0","g",False,NULL
3838,326,"pea","60.0","g",False,NULL
3839,326,"white sesame seeds","60.0","g",False,NULL
3840,326,"coriander","55.0","g",False,NULL
3841,326,"cumin","10.0","g",False,NULL
3842,326,"cinnamon","4.0","g",False,NULL
3843,326,"clove","0.4","g",False,NULL
3844,326,"pepper","5.0","g",False,NULL
3845,326,"caay seeds shahi","5.0","g",False,NULL
3846,326,"cardamom","0.4","g",False,NULL
3847,326,"ginger","20.0","g",False,NULL
3848,326,"garlic","10.0","g",False,NULL
3849,326,"green chili","20.0","g",False,NULL
3850,326,"oil","60.0","ml",False,NULL
3851,326,"brinjal","250.0","g",False,NULL
3852,326,"turmeric","1.25","g",False,NULL
3853,326,"kashmiri chilli powder","5.0","g",False,NULL
3854,326,"curry leafs","8.0","g",True,NULL
3855,326,"water","480.0","ml",False,NULL
3856,326,"salt","1.0","g",True,NULL
3857,326,"coconut","30.0","g",False,NULL
3858,326,"poppy seeds khus","5.0","g",False,NULL
3859,326,"cilantro","15.0","g",False,NULL
3860,326,"simmer minutes","6.0","g",False,NULL
3861,327,"rice","241.0","g",False,NULL
3862,327,"lentil","2.0","g",False,NULL
3863,327,"carrot","101.0","g",False,NULL
3864,327,"bean","36.0","g",False,NULL
3865,327,"green peas","240.0","g",False,NULL
3866,327,"brinjal","3.0","g",False,NULL
3867,327,"onion","101.0","g",False,NULL
3868,327,"tomato","101.0","g",False,NULL
3869,327,"pea","60.0","g",False,NULL
3870,327,"salt","7.5","g",False,NULL
3871,327,"water","1365.0","ml",False,NULL
3872,327,"tur tuvar","180.0","g",False,NULL
3873,327,"turmeric","2.5","g",False,NULL
3874,327,"sized","3.0","g",False,NULL
3875,327,"coconut","30.0","g",False,NULL
3876,327,"ghee","45.0","ml",False,NULL
3877,327,"mustard","5.0","g",False,NULL
3878,327,"byadagi chillies","2.0","g",False,NULL
3879,327,"curry leafs","12.0","g",False,NULL
3880,327,"asafoetida","1.25","g",False,NULL
3881,327,"cashew","27.0","g",False,NULL
3882,328,"red chili","10.0","g",False,NULL
3883,328,"coriander","20.0","g",False,NULL
3884,328,"split husked bengal","15.0","g",False,NULL
3885,328,"black pepper","2.5","g",False,NULL
3886,328,"fenugreek","2.5","g",False,NULL
3887,328,"sesame seeds","5.0","g",False,NULL
3888,328,"urad","15.0","g",False,NULL
3889,328,"ghee","1.0","ml",False,NULL
3890,328,"lemon","1.0","g",False,NULL
3891,328,"tomato","1.0","g",False,NULL
3892,328,"coconut","1.0","g",False,NULL
3893,328,"bisi bele bath","1.0","g",False,NULL
3894,328,"rice","241.0","g",False,NULL
3895,328,"salt","2.25","g",False,NULL
3896,328,"water","960.0","ml",False,NULL
3897,328,"turmeric","2.5","g",False,NULL
3898,328,"oil","60.0","ml",False,NULL
3899,328,"asafoetida","1.25","g",False,NULL
3900,328,"tamarind","50.0","g",False,NULL
3901,328,"mustard","10.0","g",False,NULL
3902,328,"pea","60.0","g",False,NULL
3903,328,"asafoedita","1.0","g",False,NULL
3904,328,"curry leafs","1.0","g",False,NULL
3905,328,"jaggery powder","10.0","g",False,NULL
3906,329,"tomato","1.0","g",False,NULL
3907,329,"variations","1.0","g",False,NULL
3908,329,"dassana’s notes","1.0","g",False,NULL
3909,329,"asked & answered","1.0","g",False,NULL
3910,329,"curd","1.0","ml",False,NULL
3911,329,"lemon","1.0","g",False,NULL
3912,329,"coconut","1.0","g",False,NULL
3913,329,"rice","242.0","g",False,NULL
3914,329,"turmeric","2.5","g",False,NULL
3915,329,"chili","2.5","g",False,NULL
3916,329,"pepper","5.0","g",False,NULL
3917,329,"coriander","5.0","g",False,NULL
3918,329,"cumin","10.0","g",False,NULL
3919,329,"water","361.0","ml",True,NULL
3920,329,"garlic","7.5","g",False,NULL
3921,329,"green chili","2.5","g",False,NULL
3922,329,"mustard","2.5","g",False,NULL
3923,329,"fenugreek","4.0","g",True,NULL
3924,329,"cinnamon","0.5","g",False,NULL
3925,329,"cardamom","0.4","g",False,NULL
3926,329,"clove","0.2","g",False,NULL
3927,329,"curry leafs","6.0","g",False,NULL
3928,329,"red chili","2.5","g",False,NULL
3929,329,"mint","7.5","g",False,NULL
3930,329,"cilantro","60.0","g",False,NULL
3931,329,"oil","30.0","ml",False,NULL
3932,329,"salt","2.0","g",True,NULL
3933,330,"pea","1.0","g",False,NULL
3934,330,"rice","243.0","g",False,NULL
3935,330,"tehri","1.0","g",False,NULL
3936,330,"cumin","10.0","g",False,NULL
3937,330,"cardamom","0.8","g",False,NULL
3938,330,"clove","0.4","g",False,NULL
3939,330,"cinnamon","2.0","g",False,NULL
3940,330,"tej patta","2.0","g",False,NULL
3941,330,"oil","30.0","ml",False,NULL
3942,330,"tejpatta","2.0","g",False,NULL
3943,330,"onion","121.0","g",False,NULL
3944,330,"capsicum","180.0","g",False,NULL
3945,330,"cilantro","45.0","g",False,NULL
3946,330,"lemon","200.0","g",True,NULL
3947,330,"water","420.0","ml",False,NULL
3948,330,"salt","1.0","g",True,NULL
3949,332,"expert tips","1.0","g",False,NULL
3950,332,"onion","79.2","g",False,NULL
3951,332,"ginger","5.0","g",False,NULL
3952,332,"chili","2.5","g",False,NULL
3953,332,"tomato","120.0","g",False,NULL
3954,332,"carrot","120.0","g",False,NULL
3955,332,"potato","120.0","g",False,NULL
3956,332,"green peas","120.0","g",False,NULL
3957,332,"water","960.0","ml",False,NULL
3958,332,"cumin","5.0","g",False,NULL
3959,332,"oil","15.0","ml",False,NULL
3960,332,"salt","1.0","g",True,NULL
3961,333,"poha dosa","1.0","g",False,NULL
3962,333,"puri bhaji","1.0","g",False,NULL
3963,333,"misal pav","1.0","g",False,NULL
3964,333,"poha thick","360.0","g",False,NULL
3965,333,"turmeric","2.5","g",False,NULL
3966,333,"sugar","5.0","g",False,NULL
3967,333,"salt","1.0","g",True,NULL
3968,333,"pea","22.5","g",False,NULL
3969,333,"oil","30.0","ml",False,NULL
3970,333,"potato","158.4","g",False,NULL
3971,333,"mustard","5.0","g",False,NULL
3972,333,"cumin","5.0","g",False,NULL
3973,333,"onion","120.0","g",False,NULL
3974,333,"green chili","5.0","g",False,NULL
3975,333,"curry leafs","1.0","g",False,NULL
3976,333,"coconut","30.0","g",True,NULL
3977,333,"cilantro","15.0","g",False,NULL
3978,333,"lemon","50.0","g",False,NULL
3979,334,"flour","1.0","g",False,NULL
3980,334,"moong","1.0","g",False,NULL
3981,334,"quick cooking oats","240.0","g",False,NULL
3982,334,"oil","32.5","ml",False,NULL
3983,334,"onion","60.0","g",False,NULL
3984,334,"carrot","60.0","g",False,NULL
3985,334,"bean","60.0","g",False,NULL
3986,334,"green peas","60.0","g",False,NULL
3987,334,"curry leafs","7.0","g",False,NULL
3988,334,"mustard","5.0","g",False,NULL
3989,334,"cumin","5.0","g",False,NULL
3990,334,"urad","5.0","g",True,NULL
3991,334,"cashew","12.0","g",False,NULL
3992,334,"ginger","2.5","g",False,NULL
3993,334,"cilantro","15.0","g",False,NULL
3994,334,"water","300.0","ml",False,NULL
3995,334,"salt","1.0","g",True,NULL
3996,335,"tej patta","2.0","g",False,NULL
3997,335,"clove","0.6","g",False,NULL
3998,335,"cinnamon","2.0","g",False,NULL
3999,335,"cardamom","0.8","g",False,NULL
4000,335,"single mace strand","1.0","g",False,NULL
4001,335,"star anise","2.0","g",True,NULL
4002,335,"cumin","10.0","g",False,NULL
4003,335,"pulao","1.0","g",False,NULL
4004,335,"rice","242.0","g",False,NULL
4005,335,"coriander","1.0","g",False,NULL
4006,335,"spinach","720.0","g",False,NULL
4007,335,"green chili","5.0","g",False,NULL
4008,335,"ginger","1.0","g",False,NULL
4009,335,"garlic","3.0","g",False,NULL
4010,335,"oil","30.0","ml",False,NULL
4011,335,"onion","50.0","g",False,NULL
4012,335,"lemon","100.0","g",True,NULL
4013,335,"water","240.0","ml",False,NULL
4014,335,"salt","1.0","g",True,NULL
4015,336,"tomato","1.0","g",False,NULL
4016,336,"pulao","1.0","g",False,NULL
4017,336,"rice","121.0","g",False,NULL
4018,336,"capsicum","1.0","g",False,NULL
4019,336,"corn","1.0","g",False,NULL
4020,336,"water","180.0","ml",False,NULL
4021,336,"salt","1.62","g",False,NULL
4022,336,"mustard","2.5","g",False,NULL
4023,336,"cinnamon","0.5","g",False,NULL
4024,336,"cardamom","0.2","g",False,NULL
4025,336,"clove","0.2","g",False,NULL
4026,336,"green chili","3.5","g",False,NULL
4027,336,"curry leafs","5.0","g",False,NULL
4028,336,"asafoetida","0.5","g",True,NULL
4029,336,"onion","60.0","g",False,NULL
4030,336,"cashew","15.0","g",False,NULL
4031,336,"raisin","10.0","g",False,NULL
4032,336,"cilantro","15.0","g",False,NULL
4033,337,"ginger","2.0","g",False,NULL
4034,337,"garlic","10.0","g",False,NULL
4035,337,"green chili","20.0","g",False,NULL
4036,337,"cumin","7.5","g",False,NULL
4037,337,"clove","0.6","g",False,NULL
4038,337,"cinnamon","2.0","g",False,NULL
4039,337,"tomato","481.0","g",False,NULL
4040,337,"coconut","61.0","g",False,NULL
4041,337,"rice","240.0","g",False,NULL
4042,337,"water","481.0","ml",True,NULL
4043,337,"ghee","30.0","ml",False,NULL
4044,337,"sized tej patta","1.0","g",False,NULL
4045,337,"onion","100.0","g",False,NULL
4046,337,"capsicum","100.0","g",True,NULL
4047,337,"turmeric","1.25","g",False,NULL
4048,337,"chili","1.25","g",False,NULL
4049,337,"sugar","1.25","g",False,NULL
4050,337,"cilantro","30.0","g",False,NULL
4051,338,"idli upma","1.0","g",False,NULL
4052,338,"arisi upma","1.0","g",False,NULL
4053,338,"bread","1.0","g",False,NULL
4054,338,"quinoa upma","1.0","g",False,NULL
4055,338,"water","1080.0","ml",False,NULL
4056,338,"mustard","5.0","g",False,NULL
4057,338,"ginger","5.0","g",False,NULL
4058,338,"onion","79.2","g",False,NULL
4059,338,"curry leafs","8.0","g",False,NULL
4060,338,"cashew","18.0","g",False,NULL
4061,338,"coconut","90.0","g",False,NULL
4062,338,"coriander","30.0","g",False,NULL
4063,338,"lemon","50.0","g",False,NULL
4064,338,"salt","1.0","g",True,NULL
4065,339,"all idiyappam","1.0","g",False,NULL
4066,339,"my","1.0","g",False,NULL
4067,339,"expert tips","1.0","g",False,NULL
4068,339,"faqs","1.0","g",False,NULL
4069,339,"podi idli","1.0","g",False,NULL
4070,339,"dosa","1.0","g",False,NULL
4071,339,"appe","1.0","g",False,NULL
4072,339,"medu vada","1.0","g",False,NULL
4073,339,"rava dosa","1.0","g",False,NULL
4074,339,"paniyaram","1.0","g",False,NULL
4075,339,"flour","240.0","g",False,NULL
4076,339,"water","780.0","ml",False,NULL
4077,339,"salt","1.25","g",False,NULL
4078,339,"coconut","60.0","g",True,NULL
4079,340,"bean","150.0","g",False,NULL
4080,340,"water","600.0","ml",False,NULL
4081,340,"oil","30.0","ml",False,NULL
4082,340,"cumin","7.5","g",False,NULL
4083,340,"asafoetida","0.5","g",True,NULL
4084,340,"onion","180.0","g",False,NULL
4085,340,"garlic","7.5","g",False,NULL
4086,340,"tomato","180.0","g",False,NULL
4087,340,"turmeric","5.0","g",False,NULL
4088,340,"coriander","50.0","g",False,NULL
4089,340,"garam masala","2.5","g",False,NULL
4090,340,"cilantro","45.0","g",False,NULL
4091,340,"salt","1.0","g",True,NULL
4092,341,"thin mace strands","1.0","g",False,NULL
4093,341,"coriander","210.0","g",False,NULL
4094,341,"clove","0.4","g",False,NULL
4095,341,"cinnamon","2.0","g",False,NULL
4096,341,"cumin","5.0","g",False,NULL
4097,341,"tiny nutmeg powder","0.5","g",False,NULL
4098,341,"garlic","6.0","g",False,NULL
4099,341,"ginger","1.0","g",False,NULL
4100,341,"green chili","10.0","g",False,NULL
4101,341,"coconut","120.0","g",False,NULL
4102,341,"water","800.2","ml",False,NULL
4103,341,"salt","3.25","g",False,NULL
4104,341,"turmeric","0.62","g",False,NULL
4105,341,"mace strands","1.0","g",False,NULL
4106,341,"nutmeg powder","1.0","g",False,NULL
4107,341,"husked bengal","15.0","g",False,NULL
4108,341,"cilantro","120.0","g",False,NULL
4109,341,"pea","120.0","g",False,NULL
4110,341,"oil","15.0","ml",False,NULL
4111,341,"onion","158.4","g",False,NULL
4112,341,"chili","1.25","g",False,NULL
4113,341,"sugar","10.0","g",False,NULL
4114,341,"pani puri","16.0","g",False,NULL
4115,341,"tomato","79.2","g",False,NULL
4116,341,"chaat masala","1.0","g",True,NULL
4117,341,"tamarind chutney","1.0","g",True,NULL
4118,341,"simmer minutes","12.0","g",False,NULL
4119,342,"fennel seeds","5.0","g",False,NULL
4120,342,"single strands mace","2.0","g",False,NULL
4121,342,"cinnamon","2.0","g",False,NULL
4122,342,"clove","0.6","g",False,NULL
4123,342,"nutmeg","3.0","g",False,NULL
4124,342,"pea","240.0","g",False,NULL
4125,342,"water","1620.0","ml",False,NULL
4126,342,"thin strands mace","2.0","g",False,NULL
4127,342,"coconut","153.0","g",False,NULL
4128,342,"onion","79.2","g",False,NULL
4129,342,"ginger","5.0","g",False,NULL
4130,342,"curry leafs","10.0","g",False,NULL
4131,342,"mustard","2.5","g",False,NULL
4132,342,"turmeric","1.25","g",False,NULL
4133,342,"chili","5.0","g",False,NULL
4134,342,"coriander","5.0","g",False,NULL
4135,342,"pepper","1.25","g",False,NULL
4136,342,"salt","1.0","g",True,NULL
4137,342,"grinder","1.0","g",False,NULL
4138,342,"wheat","4.0","g",False,NULL
4139,343,"green peas","240.0","g",False,NULL
4140,343,"cumin","2.5","g",False,NULL
4141,343,"onion","80.2","g",False,NULL
4142,343,"ginger","2.5","g",False,NULL
4143,343,"garlic","2.5","g",False,NULL
4144,343,"green chili","2.5","g",False,NULL
4145,343,"tomato","120.0","g",False,NULL
4146,343,"turmeric","1.25","g",False,NULL
4147,343,"red chili","2.5","g",False,NULL
4148,343,"punjabi garam masala","2.5","g",False,NULL
4149,343,"coriander","5.0","g",False,NULL
4150,343,"water","720.0","ml",False,NULL
4151,343,"oil","30.0","ml",False,NULL
4152,343,"cilantro","15.0","g",False,NULL
4153,343,"salt","1.0","g",True,NULL
4154,343,"litre pressure cooker","3.0","g",False,NULL
4155,344,"veg kurma","1.0","g",False,NULL
4156,344,"paneer","61.0","g",False,NULL
4157,344,"veg kolhapuri","1.0","g",False,NULL
4158,344,"navratan korma","1.0","g",False,NULL
4159,344,"cashew","45.0","g",False,NULL
4160,344,"water","360.0","ml",False,NULL
4161,344,"corn","60.0","g",True,NULL
4162,344,"onion","101.0","g",False,NULL
4163,344,"tomato","101.0","g",False,NULL
4164,344,"garlic","7.5","g",False,NULL
4165,344,"cilantro","5.0","g",False,NULL
4166,344,"mint","5.0","g",False,NULL
4167,344,"chili","7.5","g",False,NULL
4168,344,"cream","45.0","ml",False,NULL
4169,344,"yogurt","15.0","ml",True,NULL
4170,344,"turmeric","1.25","g",False,NULL
4171,344,"garam masala","1.25","g",False,NULL
4172,344,"coriander","2.5","g",False,NULL
4173,344,"fenugreek","2.5","g",False,NULL
4174,344,"nutmeg powder","0.5","g",False,NULL
4175,344,"butter","30.0","g",False,NULL
4176,344,"salt","1.0","g",True,NULL
4177,344,"sugar","2.5","g",True,NULL
4178,344,"clove","0.2","g",False,NULL
4179,344,"cinnamon","0.5","g",False,NULL
4180,344,"single strands mace","2.0","g",False,NULL
4181,344,"cardamom","0.4","g",False,NULL
4182,344,"egg","1.0","g",False,NULL
4183,345,"oil","45.0","ml",False,NULL
4184,345,"onion","200.0","g",False,NULL
4185,345,"garlic","3.5","g",False,NULL
4186,345,"tomato","150.0","g",False,NULL
4187,345,"turmeric","1.25","g",False,NULL
4188,345,"red chili","2.5","g",False,NULL
4189,345,"coriander","17.5","g",False,NULL
4190,345,"cumin","2.5","g",False,NULL
4191,345,"mushroom","200.0","g",False,NULL
4192,345,"salt","1.0","g",True,NULL
4193,345,"garam masala","2.5","g",False,NULL
4194,345,"green chili","5.0","g",False,NULL
4195,345,"cilantro","45.0","g",False,NULL
4196,346,"fish","300.0","g",False,NULL
4197,346,"garlic","5.0","g",False,NULL
4198,346,"ajwain carom seeds","1.25","g",False,NULL
4199,346,"salt","1.65","g",True,NULL
4200,346,"chili","3.75","g",True,NULL
4201,346,"fenugreek","2.5","g",False,NULL
4202,346,"garam masala tandoori","3.75","g",False,NULL
4203,346,"amchur powder mango","2.5","g",False,NULL
4204,346,"curd","30.0","ml",False,NULL
4205,346,"lemon","5.0","g",False,NULL
4206,346,"flour","45.0","g",False,NULL
4207,346,"turmeric","1.25","g",False,NULL
4208,346,"oil","30.0","ml",False,NULL
4209,347,"cinnamon","2.0","g",False,NULL
4210,347,"cardamom","0.8","g",False,NULL
4211,347,"clove","0.4","g",False,NULL
4212,347,"pepper","10.0","g",False,NULL
4213,347,"tej patta sized","2.0","g",False,NULL
4214,347,"turmeric","2.5","g",False,NULL
4215,347,"chili","5.0","g",False,NULL
4216,347,"cumin","5.0","g",False,NULL
4217,347,"coriander","35.0","g",False,NULL
4218,347,"garam masala powder","1.25","g",False,NULL
4219,347,"soy","2.0","ml",False,NULL
4220,347,"meal maker curry","1.0","g",False,NULL
4221,347,"water","723.0","ml",False,NULL
4222,347,"salt","1.5","g",False,NULL
4223,347,"oil","45.0","ml",False,NULL
4224,347,"onion","120.0","g",False,NULL
4225,347,"garlic","5.0","g",False,NULL
4226,347,"tomato","120.0","g",False,NULL
4227,347,"green chili","5.0","g",False,NULL
4228,347,"kashmiri chilli powder","5.0","g",False,NULL
4229,347,"garam masala","1.25","g",False,NULL
4230,347,"yogurt","45.0","ml",False,NULL
4231,347,"green peas","120.0","g",False,NULL
4232,347,"mint","31.0","g",False,NULL
4233,347,"ginger","5.0","g",False,NULL
4234,349,"diwali festival","1.0","g",False,NULL
4235,349,"spotlight diwali special","1.0","g",False,NULL
4236,349,"north indian snacks","1.0","g",False,NULL
4237,349,"south indian snacks","1.0","g",False,NULL
4238,349,"cookies","1.0","g",False,NULL
4239,349,"chaat snacks","1.0","g",False,NULL
4240,349,"diwali party snacks","1.0","g",False,NULL
4241,349,"tea","1.0","g",False,NULL
4242,349,"samosa & kachori","1.0","g",False,NULL
4243,349,"pakoda & vada","1.0","g",False,NULL
4244,349,"sandwiches","1.0","g",False,NULL
4245,349,"indo chinese","1.0","g",False,NULL
4246,350,"bhature preparation","1.0","g",False,NULL
4247,350,"expert tips","1.0","g",False,NULL
4248,350,"faqs","1.0","g",False,NULL
4249,350,"cumin","10.0","g",False,NULL
4250,350,"cinnamon","4.0","g",False,NULL
4251,350,"clove","0.4","g",False,NULL
4252,350,"cardamom","0.8","g",False,NULL
4253,350,"pepper","4.0","g",False,NULL
4254,350,"turmeric","5.0","g",False,NULL
4255,350,"chili","1.25","g",False,NULL
4256,350,"coriander","10.0","g",False,NULL
4257,350,"asafoetida","1.0","g",False,NULL
4258,350,"flour","2880.0","g",False,NULL
4259,350,"sooji rava","158.4","g",False,NULL
4260,350,"oil","92.0","ml",False,NULL
4261,350,"sugar","30.0","g",False,NULL
4262,350,"salt","7.25","g",False,NULL
4263,350,"yogurt","240.0","ml",False,NULL
4264,350,"water","1021.0","ml",False,NULL
4265,350,"onion","101.0","g",False,NULL
4266,350,"lemon","1.0","g",False,NULL
4267,350,"green chili","11.0","g",False,NULL
4268,350,"side pickle","1.0","g",False,NULL
4269,350,"potato","301.0","g",False,NULL
4270,350,"red chili","1.25","g",False,NULL
4271,350,"garam masala","5.0","g",False,NULL
4272,350,"tomato","200.0","g",False,NULL
4273,350,"ginger","1.0","g",False,NULL
4274,350,"garlic","4.0","g",False,NULL
4275,351,"bean","240.0","g",False,NULL
4276,351,"pea","720.0","g",False,NULL
4277,351,"water","1200.0","ml",False,NULL
4278,351,"black pepper","2.0","g",True,NULL
4279,351,"cinnamon","1.0","g",False,NULL
4280,351,"clove","0.2","g",False,NULL
4281,351,"cardamom","0.2","g",False,NULL
4282,351,"onion","220.0","g",False,NULL
4283,351,"tomato","340.0","g",False,NULL
4284,351,"chili","20.0","g",False,NULL
4285,351,"ginger","5.0","g",False,NULL
4286,351,"garlic","5.0","g",False,NULL
4287,351,"turmeric","2.5","g",False,NULL
4288,351,"garam masala","5.0","g",False,NULL
4289,351,"carom seeds ajwain","1.25","g",False,NULL
4290,351,"oil","30.0","ml",False,NULL
4291,351,"salt","1.0","g",False,NULL
4292,351,"cilantro","30.0","g",False,NULL
4293,351,"lemon","50.0","g",False,NULL
4294,352,"oats uttapam","1.0","g",False,NULL
4295,352,"masala dosa","1.0","g",False,NULL
4296,352,"rava uttapam","1.0","g",False,NULL
4297,352,"onion","241.0","g",False,NULL
4298,352,"mysore masala dosa","1.0","g",False,NULL
4299,352,"potato","750.0","g",False,NULL
4300,352,"oil","30.0","ml",False,NULL
4301,352,"mustard","5.0","g",False,NULL
4302,352,"cumin","2.5","g",False,NULL
4303,352,"ginger","5.0","g",False,NULL
4304,352,"green chili","5.0","g",False,NULL
4305,352,"asafoetida","0.5","g",False,NULL
4306,352,"curry leafs","8.0","g",False,NULL
4307,352,"turmeric","2.5","g",False,NULL
4308,352,"water","120.0","ml",False,NULL
4309,352,"salt","1.0","g",True,NULL
4310,352,"cilantro","30.0","g",False,NULL
4311,352,"idli batter","720.0","g",False,NULL
4312,352,"tomato","120.0","g",False,NULL
4313,352,"sambar powder","1.0","g",True,NULL
4314,352,"chili","1.0","g",True,NULL
4315,352,"butter","1.0","g",False,NULL
4316,353,"cauliflower","251.0","g",False,NULL
4317,353,"manchurian","1.0","g",False,NULL
4318,353,"bread","3.0","g",False,NULL
4319,353,"flour","2.0","g",False,NULL
4320,353,"ghee","1.0","ml",False,NULL
4321,353,"salt","3.5","g",True,NULL
4322,353,"water","440.2","ml",True,NULL
4323,353,"coconut","120.0","g",False,NULL
4324,353,"green chili","5.0","g",False,NULL
4325,353,"ginger","5.0","g",False,NULL
4326,353,"garlic","5.0","g",False,NULL
4327,353,"husked split bengal","15.0","g",False,NULL
4328,353,"cashew","15.0","g",False,NULL
4329,353,"poppy seeds","5.0","g",True,NULL
4330,353,"fennel seeds","5.0","g",False,NULL
4331,353,"cinnamon","3.0","g",False,NULL
4332,353,"tiny stone flower","1.0","g",True,NULL
4333,353,"oil","30.0","ml",False,NULL
4334,353,"clove","0.2","g",False,NULL
4335,353,"curry leafs","8.0","g",False,NULL
4336,353,"onion","79.2","g",False,NULL
4337,353,"tomato","79.2","g",False,NULL
4338,353,"turmeric","0.5","g",False,NULL
4339,353,"cilantro","15.0","g",False,NULL
4340,353,"coriander","15.0","g",False,NULL
4341,353,"masala","1.0","g",False,NULL
4342,354,"fenugreek","19.0","g",False,NULL
4343,354,"cauliflower","18.0","g",False,NULL
4344,354,"cabbage","14.0","g",False,NULL
4345,354,"green peas","25.0","g",False,NULL
4346,354,"carrot","2300.0","g",False,NULL
4347,355,"onion","439.2","g",False,NULL
4348,355,"tomato","720.0","g",False,NULL
4349,355,"ginger","15.0","g",False,NULL
4350,355,"garlic","10.0","g",False,NULL
4351,355,"green chili","12.5","g",False,NULL
4352,355,"water","120.0","ml",False,NULL
4353,355,"spinach","2.0","g",False,NULL
4354,355,"chili","5.0","g",False,NULL
4355,355,"butter","45.0","g",False,NULL
4356,355,"flour","15.0","g",False,NULL
4357,355,"salt","1.0","g",True,NULL
4358,356,"bhaja","1.0","g",False,NULL
4359,356,"posto","1.0","g",False,NULL
4360,356,"potato","301.0","g",False,NULL
4361,356,"parwal","250.0","g",False,NULL
4362,356,"mustard","45.0","g",False,NULL
4363,356,"cumin","1.25","g",False,NULL
4364,356,"asafoetida","0.5","g",False,NULL
4365,356,"green chili","5.0","g",False,NULL
4366,356,"turmeric","1.25","g",False,NULL
4367,356,"chili","7.5","g",False,NULL
4368,356,"coriander","18.75","g",False,NULL
4369,356,"salt","1.0","g",True,NULL
4370,356,"garam masala","1.25","g",False,NULL
4371,357,"paneer","200.0","g",False,NULL
4372,357,"tomato","500.0","g",False,NULL
4373,357,"onion","100.0","g",False,NULL
4374,357,"cashew","60.0","g",False,NULL
4375,357,"cinnamon","1.0","g",False,NULL
4376,357,"cardamom","0.4","g",False,NULL
4377,357,"clove","0.2","g",False,NULL
4378,357,"ginger","0.5","g",False,NULL
4379,357,"garlic","4.0","g",False,NULL
4380,357,"fenugreek","2.5","g",False,NULL
4381,357,"coriander","5.75","g",False,NULL
4382,357,"cumin","3.75","g",False,NULL
4383,357,"sugar","5.0","g",False,NULL
4384,357,"butter","4.0","g",False,NULL
4385,357,"salt","1.0","g",False,NULL
4386,357,"oil","15.0","ml",False,NULL
4387,357,"milk","120.0","ml",False,NULL
4388,357,"water","300.5","ml",False,NULL
4389,358,"paneer","200.0","g",False,NULL
4390,358,"onion","220.0","g",False,NULL
4391,358,"tomato","340.0","g",False,NULL
4392,358,"capsicum","1000.0","g",False,NULL
4393,358,"garlic","15.0","g",False,NULL
4394,358,"oil","60.0","ml",False,NULL
4395,358,"ghee","5.0","ml",False,NULL
4396,358,"coriander","20.0","g",False,NULL
4397,358,"cumin","10.0","g",False,NULL
4398,358,"fennel seeds","5.0","g",False,NULL
4399,358,"red chili","6.0","g",False,NULL
4400,358,"salt","1.0","g",False,NULL
4401,358,"turmeric","1.25","g",False,NULL
4402,358,"mirchi powder","5.0","g",False,NULL
4403,358,"garam masala","2.5","g",False,NULL
4404,358,"water","150.0","ml",False,NULL
4405,359,"spinach","5.0","g",False,NULL
4406,359,"green chili","15.0","g",False,NULL
4407,359,"paneer","200.0","g",False,NULL
4408,359,"onion","240.0","g",False,NULL
4409,359,"garlic","5.0","g",False,NULL
4410,359,"oil","60.0","ml",False,NULL
4411,359,"butter","3.0","g",False,NULL
4412,359,"ghee","5.0","ml",False,NULL
4413,359,"cream","3.0","ml",False,NULL
4414,359,"cumin","10.0","g",False,NULL
4415,359,"red chili","6.0","g",False,NULL
4416,359,"mirchi powder","5.0","g",False,NULL
4417,359,"salt","5.0","g",False,NULL
4418,359,"coriander","5.0","g",False,NULL
4419,359,"fenugreek","5.0","g",False,NULL
4420,359,"garam masala","2.5","g",False,NULL
4421,359,"water","150.0","ml",False,NULL
4422,360,"pasta","1.0","g",False,NULL
4423,360,"cashew","80.0","g",False,NULL
4424,360,"almond","10.0","g",False,NULL
4425,360,"kofta","1.0","g",False,NULL
4426,360,"chicken","250.0","g",False,NULL
4427,360,"salt","2.0","g",False,NULL
4428,360,"pepper","5.0","g",False,NULL
4429,360,"garam masala","2.5","g",False,NULL
4430,360,"garlic","5.0","g",False,NULL
4431,360,"oil","70.0","ml",False,NULL
4432,360,"coriander","10.0","g",False,NULL
4433,360,"green chili","10.0","g",False,NULL
4434,360,"gravy","1.0","g",False,NULL
4435,360,"ghee","20.0","ml",False,NULL
4436,360,"cardamom","0.4","g",False,NULL
4437,360,"clove","0.2","g",False,NULL
4438,360,"cinnamon","1.0","g",False,NULL
4439,360,"onion","240.0","g",False,NULL
4440,360,"water","360.0","ml",False,NULL
4441,360,"milk","10.0","ml",False,NULL
4442,361,"onion","500.0","g",False,NULL
4443,361,"green chili","30.0","g",False,NULL
4444,361,"cumin","2.5","g",False,NULL
4445,361,"garlic","15.0","g",False,NULL
4446,361,"red chili","2.5","g",False,NULL
4447,361,"salt","1.0","g",True,NULL
4448,361,"curry leafs","30.0","g",False,NULL
4449,361,"coriander","60.0","g",False,NULL
4450,361,"mint","60.0","g",False,NULL
4451,361,"flour","255.0","g",False,NULL
4452,361,"oil","1.0","ml",False,NULL
4453,362,"rice","2460.0","g",False,NULL
4454,362,"bay leaf","2.0","g",False,NULL
4455,362,"cardamom","0.8","g",False,NULL
4456,362,"shahi","5.0","g",True,NULL
4457,362,"shrimp","250.0","g",False,NULL
4458,362,"garlic","10.0","g",False,NULL
4459,362,"turmeric","0.62","g",False,NULL
4460,362,"biryani masala","7.5","g",False,NULL
4461,362,"chili","5.0","g",False,NULL
4462,362,"salt","1.62","g",True,NULL
4463,362,"oil","30.0","ml",False,NULL
4464,362,"inch cinammon","1.0","g",False,NULL
4465,362,"star anise","1.0","g",False,NULL
4466,362,"clove","0.4","g",False,NULL
4467,362,"onion","100.0","g",False,NULL
4468,362,"tomato","100.0","g",True,NULL
4469,362,"coriander","30.0","g",False,NULL
4470,362,"mint","30.0","g",False,NULL
4471,362,"yogurt","60.0","ml",False,NULL
4472,363,"gravy","1.0","g",False,NULL
4473,363,"tomato","300.0","g",False,NULL
4474,363,"ginger","1.0","g",False,NULL
4475,363,"cashew","240.0","g",False,NULL
4476,363,"green chili","15.0","g",False,NULL
4477,363,"garlic","4.0","g",False,NULL
4478,363,"cardamom","0.4","g",False,NULL
4479,363,"clove","0.3","g",False,NULL
4480,363,"red chili","4.0","g",False,NULL
4481,363,"pepper","2.5","g",False,NULL
4482,363,"cream","60.0","ml",False,NULL
4483,363,"water","351.0","ml",False,NULL
4484,363,"curry","1.0","g",False,NULL
4485,363,"oil","120.0","ml",False,NULL
4486,363,"mushroom","150.0","g",False,NULL
4487,363,"cumin","5.0","g",False,NULL
4488,363,"mirchi powder","2.5","g",False,NULL
4489,363,"garam masala","2.5","g",False,NULL
4490,363,"salt","1.5","g",False,NULL
4491,363,"ghee","15.0","ml",False,NULL
4492,363,"coriander","2.0","g",False,NULL
4493,364,"mutton","500.0","g",False,NULL
4494,364,"yogurt","30.0","ml",False,NULL
4495,364,"garlic","11.25","g",False,NULL
4496,364,"salt","6.25","g",True,NULL
4497,364,"turmeric","1.25","g",False,NULL
4498,364,"meat masala garam","5.0","g",False,NULL
4499,364,"red chili","2.5","g",False,NULL
4500,364,"oil","30.0","ml",False,NULL
4501,364,"cardamom","0.6","g",False,NULL
4502,364,"cinnamon","1.0","g",False,NULL
4503,364,"onion","240.0","g",False,NULL
4504,364,"tomato","180.0","g",False,NULL
4505,364,"chili","5.0","g",False,NULL
4506,364,"meat masala","10.0","g",False,NULL
4507,364,"curry leafs","2.0","g",False,NULL
4508,364,"cilantro","15.0","g",False,NULL
4509,364,"water","660.0","ml",False,NULL
4510,366,"mutton","400.0","g",False,NULL
4511,366,"onion","100.0","g",False,NULL
4512,366,"bean","120.0","g",False,NULL
4513,366,"bread","120.0","g",True,NULL
4514,366,"garam masala","52.5","g",False,NULL
4515,366,"coriander","5.0","g",False,NULL
4516,366,"mint","120.0","g",False,NULL
4517,366,"green chili","5.0","g",False,NULL
4518,366,"salt","3.75","g",True,NULL
4519,366,"garlic","157.5","g",False,NULL
4520,366,"lemon","30.0","g",False,NULL
4521,366,"oil","1.0","ml",True,NULL
4522,367,"dough","1.0","g",False,NULL
4523,367,"flour","360.0","g",False,NULL
4524,367,"salt","1.0","g",False,NULL
4525,367,"oil","20.0","ml",False,NULL
4526,367,"water","1.0","ml",False,NULL
4527,367,"stuffing","1.0","g",False,NULL
4528,367,"ginger","5.0","g",False,NULL
4529,367,"green chili","15.0","g",False,NULL
4530,367,"turmeric","1.0","g",False,NULL
4531,367,"cauliflower","240.0","g",False,NULL
4532,367,"chat masala","2.5","g",False,NULL
4533,367,"garam masala","2.5","g",False,NULL
4534,367,"mirchi powder","2.5","g",False,NULL
4535,367,"coriander","30.0","g",False,NULL
4536,367,"potato","240.0","g",False,NULL
4537,367,"lemon","2.5","g",False,NULL
4538,368,"okra","300.0","g",False,NULL
4539,368,"onion","200.0","g",False,NULL
4540,368,"tomato","300.0","g",False,NULL
4541,368,"ginger","0.75","g",False,NULL
4542,368,"oil","80.0","ml",False,NULL
4543,368,"mirchi powder","15.0","g",False,NULL
4544,368,"salt","1.0","g",False,NULL
4545,368,"turmeric","1.25","g",False,NULL
4546,368,"coriander","2.0","g",False,NULL
4547,369,"mutton","300.0","g",False,NULL
4548,369,"oil","20.0","ml",False,NULL
4549,369,"onion","60.0","g",False,NULL
4550,369,"garlic","6.0","g",False,NULL
4551,369,"salt","2.5","g",True,NULL
4552,369,"turmeric","1.25","g",False,NULL
4553,369,"chili","21.25","g",True,NULL
4554,369,"meat masala","20.0","g",False,NULL
4555,369,"water","60.0","ml",False,NULL
4556,369,"yogurt","30.0","ml",True,NULL
4557,369,"curry leafs","2.0","g",False,NULL
4558,369,"green chili","10.0","g",False,NULL
4559,369,"black pepper","1.25","g",False,NULL
4560,369,"coconut","45.0","g",False,NULL
4561,369,"coriander","30.0","g",False,NULL
4562,369,"cinnamon","2.0","g",False,NULL
4563,369,"clove","0.4","g",False,NULL
4564,369,"cardamom","1.2","g",False,NULL
4565,369,"cumin","3.75","g",False,NULL
4566,370,"mutton","1441.1","g",False,NULL
4567,370,"ghee","30.0","ml",False,NULL
4568,370,"salt","3.75","g",True,NULL
4569,370,"chili","15.0","g",False,NULL
4570,370,"shallots","2460.0","g",False,NULL
4571,370,"clove","15.0","g",False,NULL
4572,370,"cinnamon","5.0","g",False,NULL
4573,370,"cardamom","15.2","g",False,NULL
4574,370,"fennel seeds powder","10.0","g",False,NULL
4575,370,"ginger","5.0","g",False,NULL
4576,370,"garam masala","5.0","g",True,NULL
4577,372,"pressure cooking chole","1.0","g",False,NULL
4578,372,"water","480.0","ml",False,NULL
4579,372,"masala paste","1.0","g",False,NULL
4580,372,"oil","90.0","ml",False,NULL
4581,372,"onion","120.0","g",False,NULL
4582,372,"tomato","240.0","g",False,NULL
4583,372,"fenugreek","7.5","g",False,NULL
4584,372,"poppy seeds","5.0","g",False,NULL
4585,372,"cashew","15.0","g",False,NULL
4586,372,"ginger","5.0","g",False,NULL
4587,372,"garlic","10.0","g",False,NULL
4588,372,"curry base","1.0","g",False,NULL
4589,372,"bay leaves","2.0","g",False,NULL
4590,372,"cardamom","0.8","g",False,NULL
4591,372,"clove","0.3","g",False,NULL
4592,372,"spices & seasonings","1.0","g",False,NULL
4593,372,"coriander","6.0","g",False,NULL
4594,372,"red chili","7.5","g",False,NULL
4595,372,"mutton","3.75","g",False,NULL
4596,372,"salt","1.0","g",True,NULL
4597,372,"final flavour boost","1.0","g",False,NULL
4598,372,"milk","60.0","ml",False,NULL
4599,372,"kasuri","15.0","g",False,NULL
4600,372,"sugar","5.0","g",False,NULL
4601,372,"ghee","5.0","ml",False,NULL
4602,373,"chicken","250.0","g",False,NULL
4603,373,"yogurt","30.0","ml",False,NULL
4604,373,"oil","30.0","ml",False,NULL
4605,373,"salt","1.0","g",True,NULL
4606,373,"lemon","157.5","g",False,NULL
4607,373,"garam masala","3.75","g",False,NULL
4608,373,"garlic","5.0","g",False,NULL
4609,373,"red chili","3.75","g",False,NULL
4610,373,"onion","100.0","g",False,NULL
4611,374,"green peas","240.0","g",False,NULL
4612,374,"water","601.0","ml",False,NULL
4613,374,"ghee","30.0","ml",False,NULL
4614,374,"mustard","15.0","g",False,NULL
4615,374,"cumin","15.0","g",False,NULL
4616,374,"urad","15.0","g",False,NULL
4617,374,"asafotoedia heeng","1.0","g",False,NULL
4618,374,"dry chilli","2.0","g",False,NULL
4619,374,"onion","120.0","g",False,NULL
4620,374,"salt","1.0","g",False,NULL
4621,374,"chili","15.0","g",False,NULL
4622,374,"mint","50.0","g",False,NULL
4623,374,"lemon","22.5","g",False,NULL
4624,374,"seasoning","1.0","g",False,NULL
4625,375,"gravy","1.0","g",False,NULL
4626,375,"bean","30.0","g",False,NULL
4627,375,"curd","120.0","ml",False,NULL
4628,375,"milk","60.0","ml",False,NULL
4629,375,"turmeric","3.75","g",False,NULL
4630,375,"salt","8.5","g",False,NULL
4631,375,"kasuri","15.0","g",False,NULL
4632,375,"coriander","15.0","g",False,NULL
4633,375,"chili","15.0","g",False,NULL
4634,375,"garam masala","15.0","g",False,NULL
4635,375,"ghee","60.0","ml",False,NULL
4636,375,"red chili","15.0","g",False,NULL
4637,375,"bhurjee","1.0","g",False,NULL
4638,375,"butter","30.0","g",False,NULL
4639,375,"paneer","200.0","g",False,NULL
4640,375,"zeera","7.5","g",False,NULL
4641,375,"onion","240.0","g",False,NULL
4642,375,"green peas","3.0","g",False,NULL
4643,375,"ginger","15.0","g",False,NULL
4644,375,"tomato","300.0","g",False,NULL
4645,375,"kothmir","1.0","g",False,NULL
4646,375,"water","120.0","ml",False,NULL
4647,375,"lemon","25.0","g",False,NULL
4648,376,"chicken","451.0","g",False,NULL
4649,376,"cashew","45.0","g",True,NULL
4650,376,"ginger","11.25","g",False,NULL
4651,376,"garlic","11.25","g",False,NULL
4652,376,"chili","10.0","g",True,NULL
4653,376,"onion","60.0","g",False,NULL
4654,376,"coriander","97.5","g",False,NULL
4655,376,"mint","30.0","g",False,NULL
4656,376,"oil","15.0","ml",False,NULL
4657,376,"red chili","3.75","g",False,NULL
4658,376,"cumin","3.75","g",False,NULL
4659,376,"pepper","5.0","g",False,NULL
4660,376,"salt","3.75","g",True,NULL
4661,377,"chicken","4.0","g",False,NULL
4662,377,"yogurt","75.0","ml",False,NULL
4663,377,"pepper","2.5","g",True,NULL
4664,377,"red chili","4.75","g",True,NULL
4665,377,"cream","30.0","ml",False,NULL
4666,377,"flour","15.0","g",False,NULL
4667,377,"ginger","0.75","g",False,NULL
4668,377,"garlic","3.0","g",False,NULL
4669,377,"coriander","30.0","g",True,NULL
4670,377,"cardamom","1.25","g",False,NULL
4671,377,"oil","15.0","ml",False,NULL
4672,378,"chicken","353.0","g",False,NULL
4673,378,"garlic","20.0","g",False,NULL
4674,378,"lemon","25.0","g",False,NULL
4675,378,"salt","4.25","g",False,NULL
4676,378,"mustard","30.0","g",False,NULL
4677,378,"cumin","5.0","g",False,NULL
4678,378,"mirchi powder","7.5","g",False,NULL
4679,378,"kashmiri mirchi powder","10.0","g",False,NULL
4680,378,"coriander","2.5","g",False,NULL
4681,378,"curd","60.0","ml",False,NULL
4682,378,"cardamom","2.9","g",False,NULL
4683,378,"amchur powder","2.5","g",False,NULL
4684,378,"gravy","1.0","g",False,NULL
4685,378,"tomato","400.0","g",False,NULL
4686,378,"cinnamon","1.0","g",False,NULL
4687,378,"clove","0.2","g",False,NULL
4688,378,"biryani leaf half","1.0","g",False,NULL
4689,378,"ginger","0.5","g",False,NULL
4690,378,"sugar","1.25","g",False,NULL
4691,378,"cashew","22.5","g",False,NULL
4692,378,"onion","120.0","g",False,NULL
4693,378,"butter","75.0","g",False,NULL
4694,378,"kashmiri chillies","4.0","g",False,NULL
4695,378,"pepper","2.5","g",False,NULL
4696,378,"water","650.0","ml",False,NULL
4697,378,"oil","45.0","ml",False,NULL
4698,378,"cream","45.0","ml",False,NULL
4699,378,"honey","15.0","g",False,NULL
4700,378,"coconut","1.0","g",False,NULL
4701,378,"garam masala","1.0","g",False,NULL
4702,378,"ghee","3.0","ml",False,NULL
4703,379,"mustard","172.5","g",False,NULL
4704,379,"red chili","5.0","g",False,NULL
4705,379,"salt","2.5","g",True,NULL
4706,379,"turmeric","1.25","g",False,NULL
4707,379,"garam masala","5.0","g",False,NULL
4708,379,"coriander","5.0","g",True,NULL
4709,379,"chaat masala","5.0","g",True,NULL
4710,379,"fenugreek","5.0","g",False,NULL
4711,379,"garlic","51.25","g",False,NULL
4712,379,"yogurt","90.0","ml",False,NULL
4713,379,"paneer","200.0","g",False,NULL
4714,379,"onion","100.0","g",False,NULL
4715,379,"capsicum","200.0","g",False,NULL
4716,379,"flour","15.0","g",True,NULL
4717,379,"carom seeds ajwain","1.25","g",True,NULL
4718,380,"mushroom","250.0","g",False,NULL
4719,380,"onion","1.0","g",False,NULL
4720,380,"pepper","242.5","g",False,NULL
4721,380,"yogurt","120.0","ml",False,NULL
4722,380,"oil","15.0","ml",False,NULL
4723,380,"salt","3.75","g",True,NULL
4724,380,"garlic","5.0","g",False,NULL
4725,380,"red chili","52.5","g",False,NULL
4726,380,"turmeric","1.25","g",False,NULL
4727,380,"garam masala","2.5","g",False,NULL
4728,380,"coriander","52.5","g",False,NULL
4729,380,"cumin","2.5","g",False,NULL
4730,380,"lemon","55.0","g",False,NULL
4731,380,"kasuri","157.5","g",False,NULL
4732,380,"butter","15.0","g",False,NULL
4733,381,"nut paste","1.0","g",False,NULL
4734,381,"almond","12.0","g",False,NULL
4735,381,"chironji","30.0","g",False,NULL
4736,381,"cashew","15.0","g",False,NULL
4737,381,"onion","120.0","g",False,NULL
4738,381,"water","248.5","ml",False,NULL
4739,381,"green chili","10.0","g",True,NULL
4740,381,"cooking","1.0","g",False,NULL
4741,381,"oil","60.0","ml",False,NULL
4742,381,"ghee","47.5","ml",False,NULL
4743,381,"blade mace","1.0","g",False,NULL
4744,381,"black pepper","2.5","g",False,NULL
4745,381,"cardamom","0.4","g",False,NULL
4746,381,"bay leaf","1.0","g",False,NULL
4747,381,"clove","1.3","g",False,NULL
4748,381,"cinnamon","1.0","g",False,NULL
4749,381,"chicken","500.0","g",False,NULL
4750,381,"garlic","15.0","g",False,NULL
4751,381,"curd","180.0","ml",False,NULL
4752,381,"yellow chilli powder","15.0","g",False,NULL
4753,381,"turmeric","2.5","g",False,NULL
4754,381,"final touches","1.0","g",False,NULL
4755,381,"mace powder","1.0","g",False,NULL
4756,381,"red chili","2.5","g",True,NULL
4757,381,"coriander","1.0","g",False,NULL
4758,382,"chicken","302.0","g",False,NULL
4759,382,"salt","2.0","g",False,NULL
4760,382,"egg","10.0","g",False,NULL
4761,382,"flour","20.0","g",False,NULL
4762,382,"water","95.0","ml",False,NULL
4763,382,"oil","15.0","ml",False,NULL
4764,382,"red chili","8.0","g",False,NULL
4765,382,"garlic","4.0","g",False,NULL
4766,382,"ginger","15.0","g",False,NULL
4767,382,"sauce","37.5","ml",False,NULL
4768,382,"aromatic powder","2.5","g",False,NULL
4769,382,"pepper","6.25","g",False,NULL
4770,382,"sugar","0.62","g",False,NULL
4771,382,"star anise powder","3.75","g",False,NULL
4772,382,"soy","3.75","ml",False,NULL
4773,382,"onion","200.0","g",False,NULL
4774,383,"chicken","500.0","g",False,NULL
4775,383,"oil","75.0","ml",False,NULL
4776,383,"mustard","2.5","g",False,NULL
4777,383,"curry leafs","2.0","g",False,NULL
4778,383,"garlic","15.0","g",False,NULL
4779,383,"onion","120.0","g",False,NULL
4780,383,"red chili","17.0","g",False,NULL
4781,383,"ghee","5.0","ml",False,NULL
4782,383,"coriander","16.0","g",False,NULL
4783,383,"salt","1.0","g",False,NULL
4784,383,"turmeric","1.25","g",False,NULL
4785,383,"lemon","5.0","g",False,NULL
4786,383,"cinnamon","1.0","g",False,NULL
4787,383,"cumin","5.0","g",False,NULL
4788,383,"fennel seeds","5.0","g",False,NULL
4789,383,"black pepper","10.0","g",False,NULL
4790,383,"clove","0.3","g",False,NULL
4791,383,"cardamom","0.6","g",False,NULL
4792,383,"star anise","1.0","g",False,NULL
4793,383,"kapok buds","1.0","g",False,NULL
4794,383,"masala","1.0","g",False,NULL
4795,384,"water","500.0","ml",False,NULL
4796,384,"tomato","50.0","g",False,NULL
4797,384,"onion","15000.0","g",False,NULL
4798,384,"green chili","15.0","g",False,NULL
4799,384,"curry leafs","1.0","g",False,NULL
4800,384,"coriander","10.0","g",False,NULL
4801,384,"mustard","2.5","g",False,NULL
4802,384,"cumin","2.5","g",False,NULL
4803,384,"red chili","14.0","g",False,NULL
4804,384,"salt","1.0","g",False,NULL
4805,384,"turmeric","2.5","g",False,NULL
4806,384,"garam masala","5.0","g",False,NULL
4807,384,"garlic","18.75","g",False,NULL
4808,384,"oil","80.0","ml",False,NULL
4809,386,"stew","1.0","g",False,NULL
4810,386,"egg","250.0","g",False,NULL
4811,386,"oil","80.0","ml",False,NULL
4812,386,"water","1.0","ml",False,NULL
4813,386,"coriander","32.0","g",False,NULL
4814,386,"gravy","1.0","g",False,NULL
4815,386,"groundnuts","60.0","g",False,NULL
4816,386,"sesame seeds","60.0","g",False,NULL
4817,386,"coconut","60.0","g",False,NULL
4818,386,"cumin","5.0","g",False,NULL
4819,386,"fenugreek","1.25","g",False,NULL
4820,386,"onion","200.0","g",False,NULL
4821,386,"garlic","15.0","g",False,NULL
4822,386,"turmeric","1.25","g",False,NULL
4823,386,"mirchi powder","15.0","g",False,NULL
4824,386,"salt","1.0","g",False,NULL
4825,387,"egg","200.0","g",False,NULL
4826,387,"onion","200.0","g",False,NULL
4827,387,"green peas","2.0","g",False,NULL
4828,387,"ginger","5.0","g",False,NULL
4829,387,"cumin","5.0","g",False,NULL
4830,387,"red chili","9.0","g",False,NULL
4831,387,"curry leafs","1.0","g",False,NULL
4832,387,"coriander","15.0","g",False,NULL
4833,387,"turmeric","1.25","g",False,NULL
4834,387,"salt","1.0","g",False,NULL
4835,387,"garam masala a","1.0","g",False,NULL
4836,387,"oil","60.0","ml",False,NULL
4837,388,"fish","1.5","g",False,NULL
4838,388,"mirchi powder","52.5","g",False,NULL
4839,388,"pepper","5.0","g",False,NULL
4840,388,"water","301.0","ml",False,NULL
4841,388,"salt","2.0","g",False,NULL
4842,388,"gravy","1.0","g",False,NULL
4843,388,"oil","120.0","ml",False,NULL
4844,388,"fennel seeds","2.5","g",False,NULL
4845,388,"cumin","2.5","g",False,NULL
4846,388,"garlic","16.0","g",False,NULL
4847,388,"red chili","10.0","g",False,NULL
4848,388,"onion","1200.0","g",False,NULL
4849,388,"turmeric","1.25","g",False,NULL
4850,388,"curry leafs","4.0","g",False,NULL
4851,388,"coconut","60.0","g",False,NULL
4852,388,"coriander","31.0","g",False,NULL
4853,388,"tomato","300.0","g",False,NULL
4854,388,"lemon","1.0","g",False,NULL
4855,388,"stew","1.0","g",False,NULL
4856,388,"mustard","5.0","g",False,NULL
4857,388,"fenugreek","1.25","g",False,NULL
4858,388,"green chili","10.0","g",False,NULL
4859,389,"fish","400.0","g",False,NULL
4860,389,"lemon","5.0","g",False,NULL
4861,389,"garlic","5.0","g",False,NULL
4862,389,"coriander","5.0","g",False,NULL
4863,389,"salt","1.0","g",False,NULL
4864,389,"ajwain","2.5","g",False,NULL
4865,389,"cumin","3.75","g",False,NULL
4866,389,"garam masala","2.5","g",False,NULL
4867,389,"mirchi powder","5.0","g",False,NULL
4868,389,"turmeric","0.62","g",False,NULL
4869,389,"flour","18.0","g",False,NULL
4870,389,"water","3.0","ml",False,NULL
4871,390,"oil","80.0","ml",False,NULL
4872,390,"mustard","5.0","g",False,NULL
4873,390,"urad","2.5","g",False,NULL
4874,390,"cumin","2.5","g",False,NULL
4875,390,"chili","10.0","g",False,NULL
4876,390,"onion","120.0","g",False,NULL
4877,390,"curry leafs","2.0","g",False,NULL
4878,390,"garlic","15.0","g",False,NULL
4879,390,"turmeric","1.25","g",False,NULL
4880,390,"red chili","22.5","g",False,NULL
4881,390,"coriander","16.0","g",False,NULL
4882,390,"water","60.0","ml",False,NULL
4883,390,"tomato","120.0","g",False,NULL
4884,390,"gms pns","300.0","g",False,NULL
4885,390,"pepper","7.5","g",False,NULL
4886,391,"rice","240.0","g",False,NULL
4887,391,"garlic","15.0","g",False,NULL
4888,391,"pea","30.0","g",False,NULL
4889,391,"soy","15.0","ml",True,NULL
4890,391,"vinegar","5.0","ml",False,NULL
4891,391,"salt","1.25","g",True,NULL
4892,391,"pepper","2.5","g",False,NULL
4893,391,"carrot","60.0","g",False,NULL
4894,391,"capsicum","60.0","g",False,NULL
4895,391,"bean","60.0","g",False,NULL
4896,391,"onion","60.0","g",False,NULL
4897,391,"cabbage","60.0","g",True,NULL
4898,391,"chili","5.0","g",True,NULL
4899,392,"mutton","0.5","g",False,NULL
4900,392,"garlic","20.0","g",False,NULL
4901,392,"coriander","45.0","g",False,NULL
4902,392,"mirchi powder","30.0","g",False,NULL
4903,392,"salt","1.0","g",False,NULL
4904,392,"oil","165.0","ml",False,NULL
4905,392,"turmeric","5.0","g",False,NULL
4906,392,"curry leafs","17.0","g",False,NULL
4907,392,"red chili","8.0","g",False,NULL
4908,392,"green chili","15.0","g",False,NULL
4909,392,"garam masala","5.0","g",False,NULL
4910,393,"rice","720.0","g",False,NULL
4911,393,"soy","15.0","ml",True,NULL
4912,393,"vinegar","52.5","ml",True,NULL
4913,393,"garlic","15.0","g",False,NULL
4914,393,"chili","5.0","g",True,NULL
4915,393,"black pepper","1.25","g",False,NULL
4916,393,"salt","1.25","g",True,NULL
4917,393,"pea","150.0","g",False,NULL
4918,393,"onion","300.0","g",False,NULL
4919,393,"egg","150.0","g",False,NULL
4920,393,"sauce","15.0","ml",False,NULL
4921,393,"carrot","120.0","g",False,NULL
4922,393,"pepper","120.0","g",False,NULL
4923,394,"oats idli","1.0","g",False,NULL
4924,394,"ragi idli","1.0","g",False,NULL
4925,394,"poha idli","1.0","g",False,NULL
4926,394,"thatte idli","1.0","g",False,NULL
4927,394,"kanchipuram idli","1.0","g",False,NULL
4928,394,"butter","30.0","g",False,NULL
4929,394,"cashew","10.5","g",False,NULL
4930,394,"mustard","2.5","g",False,NULL
4931,394,"husked split bengal","5.0","g",False,NULL
4932,394,"cumin","2.5","g",False,NULL
4933,394,"curry leafs","10.0","g",False,NULL
4934,394,"asafoetida","0.5","g",True,NULL
4935,394,"ginger","5.0","g",False,NULL
4936,394,"green peas","1.0","g",False,NULL
4937,394,"carrot","30.0","g",True,NULL
4938,394,"cilantro","30.0","g",False,NULL
4939,394,"salt","7.5","g",False,NULL
4940,394,"cream","240.0","ml",False,NULL
4941,394,"yogurt","120.0","ml",False,NULL
4942,394,"water","120.0","ml",False,NULL
4943,395,"rice","720.0","g",False,NULL
4944,395,"salt","1.5","g",True,NULL
4945,395,"garlic","15.0","g",False,NULL
4946,395,"soy","17.5","ml",True,NULL
4947,395,"vinegar","3.75","ml",False,NULL
4948,395,"sugar","1.25","g",True,NULL
4949,395,"pepper","61.75","g",False,NULL
4950,395,"oil","30.0","ml",False,NULL
4951,395,"green chili","5.0","g",True,NULL
4952,395,"sprigs scallions","2.0","g",False,NULL
4953,395,"chicken","150.0","g",False,NULL
4954,395,"egg","50.0","g",False,NULL
4955,396,"noodles","5.0","g",False,NULL
4956,396,"salt","1.25","g",True,NULL
4957,396,"pea","30.0","g",False,NULL
4958,396,"garlic","15.0","g",False,NULL
4959,396,"chili","5.0","g",True,NULL
4960,396,"onion","145.0","g",True,NULL
4961,396,"green peas","720.0","g",False,NULL
4962,396,"pepper","2.5","g",False,NULL
4963,396,"sauce","20.0","ml",False,NULL
4964,396,"vinegar","5.0","ml",False,NULL
4965,397,"chicken","200.0","g",False,NULL
4966,397,"pepper","61.25","g",False,NULL
4967,397,"salt","2.62","g",True,NULL
4968,397,"sauce","20.0","ml",False,NULL
4969,397,"five spice","2.5","g",False,NULL
4970,397,"noodles","150.0","g",False,NULL
4971,397,"oil","40.0","ml",True,NULL
4972,397,"garlic","2.0","g",False,NULL
4973,397,"onion","260.0","g",False,NULL
4974,397,"carrot","60.0","g",False,NULL
4975,397,"cabbage","60.0","g",True,NULL
4976,397,"water","15.0","ml",False,NULL
4977,397,"soy","15.0","ml",False,NULL
4978,398,"cabbage","240.0","g",False,NULL
4979,398,"carrot","120.0","g",False,NULL
4980,398,"capsicum","90.0","g",False,NULL
4981,398,"onion","120.0","g",False,NULL
4982,398,"flour","101.25","g",False,NULL
4983,398,"bread","60.0","g",True,NULL
4984,398,"pepper","2.5","g",False,NULL
4985,398,"garlic","16.25","g",False,NULL
4986,398,"salt","2.0","g",False,NULL
4987,398,"oil","158.5","ml",True,NULL
4988,398,"ginger","7.5","g",False,NULL
4989,398,"soy","15.0","ml",False,NULL
4990,398,"chili","47.5","g",True,NULL
4991,398,"ketchup","15.0","g",True,NULL
4992,398,"vinegar","5.0","ml",False,NULL
4993,398,"water","300.0","ml",False,NULL
4994,398,"sugar","5.0","g",False,NULL
4995,399,"rice","600.0","g",False,NULL
4996,399,"urad","120.0","g",False,NULL
4997,399,"fenugreek","1.25","g",False,NULL
4998,399,"salt","3.0","g",False,NULL
4999,399,"water","46.0","ml",True,NULL
5000,399,"potato","601.0","g",False,NULL
5001,399,"onion","240.0","g",False,NULL
5002,399,"ginger","1.0","g",False,NULL
5003,399,"curry leafs","12.0","g",False,NULL
5004,399,"green chili","5.0","g",False,NULL
5005,399,"chili","0.5","g",False,NULL
5006,399,"asafoetida","0.5","g",False,NULL
5007,399,"lemon","2.5","g",False,NULL
5008,399,"oil","15.0","ml",False,NULL
5009,399,"bengal","30.0","g",False,NULL
5010,399,"garlic","4.0","g",False,NULL
5011,399,"seedlees tamarind","5.0","g",False,NULL
5012,399,"coconut","30.0","g",False,NULL
5013,399,"clove","1.0","g",False,NULL
5014,400,"coriander","60.0","g",False,NULL
5015,400,"fenugreek","2.5","g",False,NULL
5016,400,"cumin","10.0","g",False,NULL
5017,400,"pepper","2.5","g",False,NULL
5018,400,"husked split bengal","15.0","g",False,NULL
5019,400,"drumsticks scraped inch","2.0","g",False,NULL
5020,400,"carrot","200.0","g",False,NULL
5021,400,"bean","12.0","g",False,NULL
5022,400,"potato","300.0","g",True,NULL
5023,400,"okra","8.0","g",False,NULL
5024,400,"brinjal","6.0","g",False,NULL
5025,400,"lentil","65.0","g",False,NULL
5026,400,"turmeric","1.25","g",False,NULL
5027,400,"oil","40.0","ml",False,NULL
5028,400,"mustard","5.0","g",False,NULL
5029,400,"curry leafs","15.0","g",False,NULL
5030,400,"asafoetida powder","1.25","g",False,NULL
5031,400,"onion","1.0","g",False,NULL
5032,400,"tomato","4.0","g",False,NULL
5033,400,"nos","6.0","g",False,NULL
5034,400,"water","780.0","ml",False,NULL
5035,400,"salt","1.0","g",True,NULL
5036,400,"tamarind","15.0","g",False,NULL
5037,400,"chili","25.0","g",False,NULL
5038,400,"black pepper","2.5","g",False,NULL
5039,401,"paneer","12.25","g",False,NULL
5040,401,"expert tips","1.0","g",False,NULL
5041,401,"faqs","1.0","g",False,NULL
5042,401,"carrot","158.4","g",False,NULL
5043,401,"coriander","60.0","g",False,NULL
5044,401,"dosa batter regular","240.0","g",False,NULL
5045,401,"onion","79.2","g",False,NULL
5046,401,"pepper","79.2","g",False,NULL
5047,401,"tomato","79.2","g",False,NULL
5048,401,"chili","5.0","g",True,NULL
5049,401,"pav bhaji masala","20.0","g",False,NULL
5050,401,"butter","15.0","g",True,NULL
5051,401,"salt","1.0","g",True,NULL
5052,402,"rice","480.0","g",False,NULL
5053,402,"hulled urad","30.0","g",False,NULL
5054,402,"fenugreek","14.0","g",False,NULL
5055,402,"urad","30.0","g",False,NULL
5056,402,"water","540.0","ml",False,NULL
5057,402,"sugar","1.25","g",False,NULL
5058,402,"salt","2.5","g",False,NULL
5059,402,"oil","1.0","ml",False,NULL
5060,403,"flour","180.0","g",False,NULL
5061,403,"green chili","2.5","g",False,NULL
5062,403,"onion","79.2","g",False,NULL
5063,403,"ginger","2.5","g",False,NULL
5064,403,"cilantro","15.0","g",True,NULL
5065,403,"black pepper","2.5","g",False,NULL
5066,403,"cumin","2.5","g",False,NULL
5067,403,"water","540.0","ml",False,NULL
5068,403,"salt","1.0","g",True,NULL
5069,403,"oil","1.0","ml",False,NULL
5070,404,"ragi idli","1.0","g",False,NULL
5071,404,"oats idli","1.0","g",False,NULL
5072,404,"medu vada","1.0","g",False,NULL
5073,404,"masala dosa","1.0","g",False,NULL
5074,404,"rice","360.0","g",False,NULL
5075,404,"water","1380.0","ml",False,NULL
5076,404,"urad","120.0","g",False,NULL
5077,404,"fenugreek","135.0","g",False,NULL
5078,404,"salt","6.0","g",False,NULL
5079,404,"ginger","1.25","g",False,NULL
5080,404,"pepper","2.5","g",False,NULL
5081,404,"cumin","2.5","g",False,NULL
5082,404,"cashew","24.0","g",True,NULL
5083,404,"curry leafs","7.0","g",False,NULL
5084,404,"asafoetida","0.62","g",False,NULL
5085,404,"banana leaf","1.0","g",True,NULL
5086,404,"if using bowls","1.0","g",False,NULL
5087,405,"chicken","250.0","g",False,NULL
5088,405,"egg","500.0","g",False,NULL
5089,405,"pepper","0.62","g",False,NULL
5090,405,"sauce","20.0","ml",False,NULL
5091,405,"chili","31.0","g",True,NULL
5092,405,"flour","100.0","g",False,NULL
5093,405,"garlic","20.0","g",False,NULL
5094,405,"salt","2.0","g",False,NULL
5095,405,"oil","1.0","ml",True,NULL
5096,405,"ginger","7.5","g",False,NULL
5097,405,"onion","100.0","g",False,NULL
5098,405,"tomato","30.0","g",True,NULL
5099,405,"vinegar","5.0","ml",False,NULL
5100,405,"water","240.0","ml",False,NULL
5101,405,"sugar","2.5","g",False,NULL
5102,405,"capsicum","180.0","g",False,NULL
5103,405,"tbsps scallions","2.0","g",False,NULL
5104,406,"cauliflower","1.0","g",False,NULL
5105,406,"oil","1.0","ml",True,NULL
5106,406,"flour","180.0","g",False,NULL
5107,406,"chili","5.0","g",False,NULL
5108,406,"black pepper","3.75","g",False,NULL
5109,406,"salt","2.87","g",True,NULL
5110,406,"water","165.0","ml",False,NULL
5111,406,"sauce","157.5","ml",False,NULL
5112,406,"garlic","15.0","g",False,NULL
5113,406,"ginger","7.5","g",False,NULL
5114,406,"green chili","5.0","g",True,NULL
5115,406,"onion","109.2","g",False,NULL
5116,406,"capsicum","60.0","g",True,NULL
5117,406,"soy","15.0","ml",False,NULL
5118,406,"red chili","30.0","g",True,NULL
5119,406,"ketchup","15.0","g",True,NULL
5120,406,"vinegar","7.5","ml",False,NULL
5121,406,"sugar","5.0","g",True,NULL
5122,407,"medu vada","1.0","g",False,NULL
5123,407,"dassana’s tips","1.0","g",False,NULL
5124,407,"your questions answered","1.0","g",False,NULL
5125,407,"curry leafs","30.0","g",False,NULL
5126,407,"asafoetida","1.0","g",False,NULL
5127,407,"cumin","5.0","g",False,NULL
5128,407,"salt","5.0","g",False,NULL
5129,407,"lentil","600.0","g",False,NULL
5130,407,"water","45.0","ml",False,NULL
5131,407,"pepper","2.5","g",False,NULL
5132,407,"onion","79.2","g",True,NULL
5133,407,"green chili","5.0","g",False,NULL
5134,407,"ginger","5.0","g",False,NULL
5135,407,"coconut","60.0","g",True,NULL
5136,407,"coriander","30.0","g",True,NULL
5137,407,"oil","1.0","ml",True,NULL
5138,408,"pongal","1.0","g",False,NULL
5139,408,"ven pongal ingredients","1.0","g",False,NULL
5140,408,"expert tips","1.0","g",False,NULL
5141,408,"faqs","1.0","g",False,NULL
5142,408,"rice","120.0","g",False,NULL
5143,408,"moong","60.0","g",False,NULL
5144,408,"cumin","7.5","g",False,NULL
5145,408,"asafoetida","0.62","g",False,NULL
5146,408,"ginger","1.0","g",False,NULL
5147,408,"water","720.0","ml",False,NULL
5148,408,"salt","1.0","g",True,NULL
5149,408,"pepper","5.0","g",False,NULL
5150,408,"curry leafs","1.0","g",False,NULL
5151,408,"cashew","15.0","g",False,NULL
5152,408,"butter","30.0","g",False,NULL
5153,408,"ghee","1.0","ml",False,NULL
5154,409,"onion","180.0","g",False,NULL
5155,409,"green chili","5.0","g",False,NULL
5156,409,"tomato","180.0","g",False,NULL
5157,409,"ginger","5.0","g",False,NULL
5158,409,"garlic","5.0","g",False,NULL
5159,409,"oil","30.0","ml",False,NULL
5160,409,"curry leafs","1.0","g",False,NULL
5161,409,"mustard","1.25","g",False,NULL
5162,409,"red chili","2.5","g",True,NULL
5163,409,"garam masala","2.5","g",False,NULL
5164,409,"fennel powder","1.25","g",False,NULL
5165,409,"turmeric","1.25","g",False,NULL
5166,409,"salt","2.5","g",True,NULL
5167,409,"mint","8.0","g",False,NULL
5168,409,"coriander","30.0","g",False,NULL
5169,409,"water","60.0","ml",False,NULL
5170,409,"kurma","180.0","g",False,NULL
5171,410,"podi idli","1.0","g",False,NULL
5172,410,"idli upma","1.0","g",False,NULL
5173,410,"chili","1.0","g",False,NULL
5174,410,"idli manchurian","1.0","g",False,NULL
5175,410,"oats idli","1.0","g",False,NULL
5176,410,"rava idli","1.0","g",False,NULL
5177,410,"idli chaat","1.0","g",False,NULL
5178,410,"masala idli","1.0","g",False,NULL
5179,410,"thatte idli","1.0","g",False,NULL
5180,410,"idli","4.0","g",False,NULL
5181,410,"chaat masala","1.0","g",False,NULL
5182,410,"salt","1.0","g",True,NULL
5183,410,"oil","1.0","ml",True,NULL
5184,411,"oats uttapam","1.0","g",False,NULL
5185,411,"rava uttapam","1.0","g",False,NULL
5186,411,"tomato","1.0","g",False,NULL
5187,411,"masala uttapam","1.0","g",False,NULL
5188,411,"onion","241.0","g",False,NULL
5189,411,"chili","1.0","g",False,NULL
5190,411,"rice","480.0","g",False,NULL
5191,411,"water","1020.0","ml",False,NULL
5192,411,"urad husked","120.0","g",False,NULL
5193,411,"fenugreek","1.25","g",False,NULL
5194,411,"salt","5.0","g",False,NULL
5195,411,"coriander","79.2","g",False,NULL
5196,411,"curry leafs","12.0","g",False,NULL
5197,411,"green chili","10.0","g",False,NULL
5198,411,"oil","1.0","ml",True,NULL
5199,412,"rice","480.0","g",False,NULL
5200,412,"water","1020.0","ml",False,NULL
5201,412,"urad husked","120.0","g",False,NULL
5202,412,"fenugreek","1.25","g",False,NULL
5203,412,"salt","5.0","g",False,NULL
5204,412,"oil","1.0","ml",False,NULL
5205,412,"onion","240.0","g",False,NULL
5206,412,"tomato","240.0","g",False,NULL
5207,412,"carrot","240.0","g",False,NULL
5208,412,"capsicum","120.0","g",False,NULL
5209,412,"coriander","79.2","g",False,NULL
5210,412,"curry leafs","12.0","g",False,NULL
5211,412,"green chili","10.0","g",False,NULL
5212,412,"idli podi","1.0","g",False,NULL
5213,413,"green chili","10.0","g",False,NULL
5214,413,"coriander","46.0","g",False,NULL
5215,413,"ginger","3.0","g",False,NULL
5216,413,"cumin","5.0","g",False,NULL
5217,413,"asafoetida","1.0","g",True,NULL
5218,413,"salt","2.0","g",False,NULL
5219,413,"water","159.4","ml",False,NULL
5220,413,"adai dosa","1.0","g",False,NULL
5221,413,"dosa","1.0","g",False,NULL
5222,413,"masala dosa","1.0","g",False,NULL
5223,413,"bean","120.0","g",False,NULL
5224,413,"rice","30.0","g",True,NULL
5225,413,"cilantro","30.0","g",False,NULL
5226,413,"green peas","1.0","g",True,NULL
5227,413,"onion","60.0","g",False,NULL
5228,413,"oil","1.0","ml",False,NULL
5229,413,"upma","1.0","g",True,NULL
5230,413,"coconut","1.0","g",True,NULL
5231,414,"coconut","13200.0","g",False,NULL
5232,414,"sugar","2760.0","g",False,NULL
5233,414,"ghee","20.0","ml",False,NULL
5234,414,"cardamom","5.62","g",False,NULL
5235,414,"cashew","30.0","g",False,NULL
5236,414,"milk","240.5","ml",False,NULL
5237,414,"mawa","2520.0","g",False,NULL
5238,414,"pistachios","30.0","g",False,NULL
5239,415,"rice","122.0","g",False,NULL
5240,415,"moong","79.2","g",False,NULL
5241,415,"water","960.0","ml",False,NULL
5242,415,"jaggery tightly packed","120.0","g",False,NULL
5243,415,"edible camphor","0.5","g",True,NULL
5244,415,"cardamom","1.0","g",False,NULL
5245,415,"clove","0.1","g",True,NULL
5246,415,"butter","60.0","g",False,NULL
5247,415,"cashew","22.5","g",False,NULL
5248,415,"raisin","30.0","g",False,NULL
5249,416,"green peas","180.0","g",False,NULL
5250,416,"water","480.0","ml",False,NULL
5251,416,"tamarind","15.0","g",False,NULL
5252,416,"jaggery","15.0","g",True,NULL
5253,416,"salt","11.25","g",True,NULL
5254,416,"turmeric","1.25","g",False,NULL
5255,416,"red chili","4.5","g",True,NULL
5256,416,"coriander","75.0","g",False,NULL
5257,416,"onion","1.0","g",False,NULL
5258,416,"tomato","1.0","g",False,NULL
5259,416,"carrot","100.0","g",True,NULL
5260,416,"vegetable drumsticks moringa","1.0","g",False,NULL
5261,416,"okra","2.0","g",True,NULL
5262,416,"green chili","5.0","g",True,NULL
5263,416,"ghee","15.0","ml",False,NULL
5264,416,"curry leafs","1.0","g",False,NULL
5265,416,"cumin","5.0","g",True,NULL
5266,416,"mustard","2.5","g",False,NULL
5267,416,"fenugreek","1.75","g",False,NULL
5268,416,"asafoetida","0.62","g",False,NULL
5269,416,"skinned split bengal","15.0","g",False,NULL
5270,416,"urad","5.0","g",False,NULL
5271,416,"chili","20.0","g",False,NULL
5272,417,"pea","240.0","g",False,NULL
5273,417,"coconut","757.5","g",False,NULL
5274,417,"onion","540.0","g",False,NULL
5275,417,"tomato","100.0","g",True,NULL
5276,417,"green chili","5.0","g",True,NULL
5277,417,"ginger","11.25","g",False,NULL
5278,417,"garlic","15.0","g",False,NULL
5279,417,"coriander","15.0","g",False,NULL
5280,417,"red chili","5.75","g",False,NULL
5281,417,"turmeric","1.25","g",False,NULL
5282,417,"oil","15.0","ml",False,NULL
5283,417,"curry leafs","2.0","g",False,NULL
5284,417,"cardamom","0.6","g",False,NULL
5285,417,"fennel seeds","5.0","g",False,NULL
5286,417,"black pepper","1.25","g",False,NULL
5287,417,"clove","0.4","g",False,NULL
5288,417,"cinnamon","2.0","g",False,NULL
5289,417,"nutmeg","0.62","g",False,NULL
5290,417,"water","120.0","ml",False,NULL
5291,417,"mustard","2.5","g",False,NULL
5292,418,"sugar","5.0","g",False,NULL
5293,418,"salt","1.0","g",True,NULL
5294,418,"turmeric","1.25","g",False,NULL
5295,418,"pea","60.0","g",False,NULL
5296,418,"mustard","2.5","g",False,NULL
5297,418,"cumin","2.5","g",False,NULL
5298,418,"potato","150.0","g",False,NULL
5299,418,"onion","79.2","g",False,NULL
5300,418,"chili","5.0","g",False,NULL
5301,418,"curry leafs","8.0","g",False,NULL
5302,418,"coconut","30.0","g",True,NULL
5303,418,"cilantro","30.0","g",False,NULL
5304,419,"thick poha","480.0","g",False,NULL
5305,419,"turmeric","1.25","g",False,NULL
5306,419,"sugar","10.0","g",False,NULL
5307,419,"salt","1.0","g",True,NULL
5308,419,"oil","30.0","ml",False,NULL
5309,419,"mustard","5.0","g",False,NULL
5310,419,"fennel seeds","5.0","g",False,NULL
5311,419,"green chili","5.0","g",False,NULL
5312,419,"onion","60.0","g",False,NULL
5313,419,"indori sev","60.0","g",False,NULL
5314,419,"coriander","60.0","g",False,NULL
5315,419,"jeeravan masala","1.0","g",True,NULL
5316,419,"pomegranate arils","60.0","g",True,NULL
5317,419,"masala boondi nukti","60.0","g",False,NULL
5318,419,"butter","5.0","g",False,NULL
5319,420,"cumin","10.0","g",False,NULL
5320,420,"urad","10.0","g",False,NULL
5321,420,"ginger","1.0","g",False,NULL
5322,420,"curry leafs","12.0","g",False,NULL
5323,420,"rava sooji","240.0","g",False,NULL
5324,420,"ghee","30.0","ml",False,NULL
5325,420,"mustard","5.0","g",False,NULL
5326,420,"husked split bengal","5.0","g",False,NULL
5327,420,"asafoetida","0.5","g",False,NULL
5328,420,"onion","51.0","g",False,NULL
5329,420,"tomato","150.0","g",False,NULL
5330,420,"turmeric","1.25","g",False,NULL
5331,420,"red chili","1.25","g",False,NULL
5332,420,"water","601.0","ml",False,NULL
5333,420,"salt","1.0","g",True,NULL
5334,420,"butter","5.0","g",True,NULL
5335,421,"bread","722.0","g",False,NULL
5336,421,"grilled sandwich","1.0","g",False,NULL
5337,421,"mayonnaise","1.0","g",False,NULL
5338,421,"oil","30.0","ml",False,NULL
5339,421,"mustard","5.0","g",False,NULL
5340,421,"cumin","2.5","g",False,NULL
5341,421,"onion","79.2","g",False,NULL
5342,421,"chili","3.75","g",False,NULL
5343,421,"ginger","5.0","g",False,NULL
5344,421,"curry leafs","6.0","g",False,NULL
5345,421,"tomato","120.0","g",False,NULL
5346,421,"turmeric","1.25","g",False,NULL
5347,421,"asafoetida","0.5","g",True,NULL
5348,421,"cilantro","15.0","g",False,NULL
5349,421,"salt","1.0","g",True,NULL
5350,421,"coriander","1.0","g",False,NULL
5351,422,"milk","2521.0","ml",False,NULL
5352,422,"expert tips","1.0","g",False,NULL
5353,422,"faqs","1.0","g",False,NULL
5354,422,"ghee","15.0","ml",False,NULL
5355,422,"water","2520.0","ml",False,NULL
5356,422,"sugar","79.2","g",False,NULL
5357,422,"cardamom","2.5","g",False,NULL
5358,422,"almond","15.0","g",False,NULL
5359,422,"cashew","15.0","g",False,NULL
5360,423,"oats idli","1.0","g",False,NULL
5361,423,"oats dosa","1.0","g",False,NULL
5362,423,"oats upma","1.0","g",False,NULL
5363,423,"oats chilla","1.0","g",False,NULL
5364,423,"quick cooking oats","120.0","g",False,NULL
5365,423,"water","240.0","ml",False,NULL
5366,423,"milk","120.0","ml",False,NULL
5367,423,"sugar","30.0","g",False,NULL
5368,423,"adding sweetener is","1.0","g",True,NULL
5369,424,"rice","300.0","g",False,NULL
5370,424,"urad","120.0","g",False,NULL
5371,424,"flour","240.0","g",False,NULL
5372,424,"fenugreek","1.25","g",False,NULL
5373,424,"water","300.0","ml",False,NULL
5374,424,"oil","1.0","ml",True,NULL
5375,425,"rava idli","1.0","g",False,NULL
5376,425,"oats idli","1.0","g",False,NULL
5377,425,"poha idli","1.0","g",False,NULL
5378,425,"kanchipuram idli","1.0","g",False,NULL
5379,425,"thatte idli","1.0","g",False,NULL
5380,425,"rice","300.0","g",False,NULL
5381,425,"urad split","120.0","g",False,NULL
5382,425,"fenugreek","1.25","g",False,NULL
5383,425,"flour","240.0","g",False,NULL
5384,425,"water","259.2","ml",False,NULL
5385,425,"salt","5.0","g",False,NULL
5386,426,"help weight loss","1.0","g",False,NULL
5387,426,"people having diabetes","1.0","g",False,NULL
5388,426,"helps reducing cholesterol","1.0","g",False,NULL
5389,426,"flour","60.0","g",False,NULL
5390,426,"water","720.0","ml",False,NULL
5391,426,"jaggery powder","90.0","g",False,NULL
5392,426,"cardamom","1.25","g",False,NULL
5393,426,"cashew","15.0","g",False,NULL
5394,427,"sabudana khichdi","1.0","g",False,NULL
5395,427,"dassana’s notes","1.0","g",False,NULL
5396,427,"variations","1.0","g",False,NULL
5397,427,"common doubts","1.0","g",False,NULL
5398,427,"sabudana sago","240.0","g",False,NULL
5399,427,"water","1.0","ml",True,NULL
5400,427,"potato","300.0","g",False,NULL
5401,427,"pea","165.0","g",False,NULL
5402,427,"curry leafs","8.0","g",True,NULL
5403,427,"ginger","5.0","g",True,NULL
5404,427,"cumin","5.0","g",False,NULL
5405,427,"coconut","60.0","g",True,NULL
5406,427,"sugar","2.5","g",False,NULL
5407,427,"lemon","2.5","g",True,NULL
5408,427,"coriander","15.0","g",True,NULL
5409,428,"sabudana vada","1.0","g",False,NULL
5410,428,"dassana’s notes","1.0","g",False,NULL
5411,428,"questions readers ask","1.0","g",False,NULL
5412,428,"sabudana sago","240.0","g",False,NULL
5413,428,"potato","600.0","g",False,NULL
5414,428,"pea","120.0","g",False,NULL
5415,428,"cumin","5.0","g",True,NULL
5416,428,"green chili","5.0","g",False,NULL
5417,428,"ginger","5.0","g",False,NULL
5418,428,"lemon","10.0","g",True,NULL
5419,428,"coriander","30.0","g",True,NULL
5420,428,"sugar","7.5","g",False,NULL
5421,428,"flour","15.0","g",False,NULL
5422,428,"salt","1.0","g",False,NULL
5423,428,"oil","1.0","ml",True,NULL
5424,429,"paratha","2.0","g",False,NULL
5425,429,"bathua paratha","1.0","g",False,NULL
5426,429,"spinach","15.0","g",False,NULL
5427,429,"potato","480.0","g",False,NULL
5428,429,"garlic","2.0","g",False,NULL
5429,429,"cumin","2.5","g",False,NULL
5430,429,"coriander","2.5","g",False,NULL
5431,429,"chili","2.5","g",False,NULL
5432,429,"turmeric","1.25","g",False,NULL
5433,429,"flour","480.0","g",False,NULL
5434,429,"yogurt","15.0","ml",True,NULL
5435,429,"oil","6.0","ml",False,NULL
5436,429,"salt","1.0","g",True,NULL
5437,429,"wheat","1.0","g",False,NULL
5438,430,"paneer","202.0","g",False,NULL
5439,430,"expert tips","1.0","g",False,NULL
5440,430,"garam masala powder","2.5","g",False,NULL
5441,430,"red chili","2.5","g",False,NULL
5442,430,"salt","7.5","g",False,NULL
5443,430,"flour","480.0","g",False,NULL
5444,430,"water","278.4","ml",False,NULL
5445,430,"ghee","6.0","ml",False,NULL
5446,430,"chili","2.5","g",False,NULL
5447,430,"garam masala","2.5","g",False,NULL
5448,431,"paratha","2.0","g",False,NULL
5449,431,"palak paratha","1.0","g",False,NULL
5450,431,"bathua ka paratha","1.0","g",False,NULL
5451,431,"flour","601.0","g",False,NULL
5452,431,"oil","5.0","ml",False,NULL
5453,431,"water","1.0","ml",True,NULL
5454,431,"salt","2.0","g",True,NULL
5455,431,"cauliflower","480.0","g",False,NULL
5456,431,"potato","360.0","g",False,NULL
5457,431,"chili","6.0","g",False,NULL
5458,431,"garam masala","1.0","g",False,NULL
5459,431,"ghee","1.0","ml",False,NULL
5460,431,"two","1.0","g",False,NULL
5461,432,"paratha","2.0","g",False,NULL
5462,432,"palak paratha","1.0","g",False,NULL
5463,432,"mooli paratha","1.0","g",False,NULL
5464,432,"flour","480.0","g",False,NULL
5465,432,"fenugreek","240.0","g",False,NULL
5466,432,"chili","2.5","g",False,NULL
5467,432,"garlic","7.5","g",False,NULL
5468,432,"oil","10.0","ml",False,NULL
5469,432,"water","79.2","ml",False,NULL
5470,432,"salt","2.5","g",False,NULL
5471,432,"butter","1.0","g",False,NULL
5472,433,"flour","480.0","g",False,NULL
5473,433,"salt","3.5","g",False,NULL
5474,433,"oil","6.0","ml",False,NULL
5475,433,"water","79.2","ml",False,NULL
5476,433,"onion","100.0","g",False,NULL
5477,433,"green chili","5.0","g",False,NULL
5478,433,"garam masala","1.0","g",True,NULL
5479,433,"chili","1.0","g",False,NULL
5480,434,"paratha","2.0","g",False,NULL
5481,434,"palak paratha","1.0","g",False,NULL
5482,434,"flour","241.0","g",False,NULL
5483,434,"salt","1.25","g",False,NULL
5484,434,"oil","5.0","ml",False,NULL
5485,434,"water","1.0","ml",True,NULL
5486,434,"cheese","120.0","g",False,NULL
5487,434,"onion","60.0","g",False,NULL
5488,434,"black pepper","1.25","g",False,NULL
5489,434,"ghee","1.0","ml",False,NULL
5490,434,"mixing bowl","1.0","g",False,NULL
5491,434,"can be doubled","1.0","g",False,NULL
5492,435,"garlic","5.0","g",False,NULL
5493,435,"green chili","2.5","g",False,NULL
5494,435,"chili","1.25","g",False,NULL
5495,435,"mustard","30.0","g",False,NULL
5496,435,"cilantro","15.0","g",False,NULL
5497,435,"salt","1.0","g",True,NULL
5498,436,"paneer","201.0","g",False,NULL
5499,436,"ingredient essentials","1.0","g",False,NULL
5500,436,"expert tips","1.0","g",False,NULL
5501,436,"faqs","1.0","g",False,NULL
5502,436,"turmeric","2.5","g",False,NULL
5503,436,"pepper","2.5","g",False,NULL
5504,436,"coriander","5.0","g",False,NULL
5505,436,"garam masala powder","1.25","g",False,NULL
5506,436,"oil","45.0","ml",False,NULL
5507,436,"cumin","2.5","g",False,NULL
5508,436,"onion","120.0","g",False,NULL
5509,436,"tomato","240.0","g",False,NULL
5510,436,"red chili","2.5","g",False,NULL
5511,436,"garam masala","1.25","g",False,NULL
5512,436,"salt","1.0","g",True,NULL
5513,436,"cilantro","45.0","g",False,NULL
5514,437,"upma","1.0","g",False,NULL
5515,437,"poha","1.0","g",False,NULL
5516,437,"rava dosa","1.0","g",False,NULL
5517,437,"oats dosa","1.0","g",False,NULL
5518,437,"suji toast","1.0","g",False,NULL
5519,437,"turmeric","2.5","g",False,NULL
5520,437,"chili","1.25","g",False,NULL
5521,437,"garam masala","1.0","g",True,NULL
5522,437,"salt","3.24","g",True,NULL
5523,437,"flour","240.0","g",False,NULL
5524,437,"cilantro","45.0","g",False,NULL
5525,437,"red chili","1.25","g",False,NULL
5526,437,"water","240.0","ml",False,NULL
5527,437,"oil","30.0","ml",False,NULL
5528,437,"black pepper","1.0","g",True,NULL
5529,439,"dassana’s tips","1.0","g",False,NULL
5530,439,"your questions answered","1.0","g",False,NULL
5531,439,"veg sandwich","1.0","g",False,NULL
5532,439,"potato","1.0","g",False,NULL
5533,439,"mayonnaise","1.0","g",False,NULL
5534,439,"avocado sandwich","1.0","g",False,NULL
5535,439,"cheese","140.2","g",False,NULL
5536,439,"avocado","1.0","g",False,NULL
5537,439,"lemon","200.0","g",False,NULL
5538,439,"pepper","1.25","g",False,NULL
5539,439,"salt","2.0","g",True,NULL
5540,439,"coriander","15.0","g",False,NULL
5541,439,"celery ly","30.0","g",False,NULL
5542,439,"egg","5.0","g",True,NULL
5543,439,"bread","6.0","g",False,NULL
5544,439,"butter","1.0","g",True,NULL
5545,439,"iceberg lettuce leaves","6.0","g",False,NULL
5546,439,"tomato","100.0","g",False,NULL
5547,439,"cucumber thinly","0.5","g",False,NULL
5548,439,"carrot","79.2","g",False,NULL
5549,439,"olives black","5.0","g",False,NULL
5550,439,"basil leaves","12.0","g",False,NULL
5551,439,"mixed herbs","1.0","g",True,NULL
5552,439,"chili","1.0","g",True,NULL
5553,440,"sandwich is keeps","1.0","g",False,NULL
5554,440,"paneer","606.0","g",False,NULL
5555,440,"expert tips","1.0","g",False,NULL
5556,440,"turmeric","1.0","g",False,NULL
5557,440,"cumin","4.5","g",False,NULL
5558,440,"red chili","2.5","g",False,NULL
5559,440,"coriander","35.0","g",False,NULL
5560,440,"garam masala powder","2.5","g",False,NULL
5561,440,"italian basil leaves","8.0","g",False,NULL
5562,440,"celery","15.0","g",False,NULL
5563,440,"cilantro","15.0","g",False,NULL
5564,440,"pepper","4.75","g",False,NULL
5565,440,"chili","3.75","g",False,NULL
5566,440,"green chili","15.0","g",False,NULL
5567,440,"salt","5.0","g",False,NULL
5568,440,"bread","26.0","g",False,NULL
5569,440,"tomato","200.0","g",False,NULL
5570,440,"beetroot thinly","1.0","g",False,NULL
5571,440,"potato","300.0","g",False,NULL
5572,440,"onion","300.0","g",False,NULL
5573,440,"chaat masala","3.0","g",True,NULL
5574,440,"butter","3.0","g",False,NULL
5575,440,"basil","4.0","g",False,NULL
5576,440,"yogurt","30.0","ml",False,NULL
5577,440,"kashmiri chilli powder","2.5","g",False,NULL
5578,440,"garam masala","2.5","g",False,NULL
5579,440,"green chutney","1.0","g",False,NULL
5580,440,"beetroot","1.0","g",False,NULL
5581,441,"sharjah shake","1.0","g",False,NULL
5582,441,"milk","242.0","ml",False,NULL
5583,441,"stberry shake","1.0","g",False,NULL
5584,441,"butter","1.0","g",False,NULL
5585,441,"maple syrup","45.0","ml",False,NULL
5586,441,"vanilla","2.5","g",True,NULL
5587,441,"moringa","5.0","g",False,NULL
5588,441,"cacao nibs","15.0","g",True,NULL
5589,442,"bread","5.0","g",False,NULL
5590,442,"my","1.0","g",False,NULL
5591,442,"serving suggestions","1.0","g",False,NULL
5592,442,"expert tips","1.0","g",False,NULL
5593,442,"faqs","1.0","g",False,NULL
5594,442,"coriander","15.0","g",False,NULL
5595,442,"mint","40.0","g",False,NULL
5596,442,"green chili","10.0","g",False,NULL
5597,442,"pepper","1.25","g",False,NULL
5598,442,"garam masala powder","3.75","g",False,NULL
5599,442,"flour","480.0","g",False,NULL
5600,442,"carom seeds ajwain","2.5","g",False,NULL
5601,442,"red chili","3.75","g",False,NULL
5602,442,"turmeric","1.0","g",False,NULL
5603,442,"asafoetida","1.0","g",False,NULL
5604,442,"salt","3.0","g",True,NULL
5605,442,"onion","1.0","g",False,NULL
5606,442,"paneer","1.0","g",False,NULL
5607,442,"palak pakoda","1.0","g",False,NULL
5608,442,"pakora","1.0","g",False,NULL
5609,442,"vegetable pakora","1.0","g",False,NULL
5610,442,"cilantro","15.0","g",False,NULL
5611,442,"garam masala","1.25","g",False,NULL
5612,442,"water","120.0","ml",False,NULL
5613,442,"oil","1.0","ml",True,NULL
5614,443,"misal pav","1.0","g",False,NULL
5615,443,"pav bhaji","1.0","g",False,NULL
5616,443,"veg cutlet","1.0","g",False,NULL
5617,443,"tikki","1.0","g",False,NULL
5618,443,"dahi puri","1.0","g",False,NULL
5619,443,"potato","250.0","g",False,NULL
5620,443,"water","534.9000000000001","ml",False,NULL
5621,443,"green chili","20.0","g",False,NULL
5622,443,"ginger","5.0","g",False,NULL
5623,443,"garlic","7.5","g",False,NULL
5624,443,"cilantro","30.0","g",False,NULL
5625,443,"salt","4.0","g",True,NULL
5626,443,"lemon","1.25","g",False,NULL
5627,443,"sugar","1.25","g",True,NULL
5628,443,"oil","16.0","ml",False,NULL
5629,443,"mustard","2.5","g",False,NULL
5630,443,"cumin","2.5","g",False,NULL
5631,443,"turmeric","2.5","g",False,NULL
5632,443,"asafoetida","0.5","g",False,NULL
5633,443,"curry leafs","12.0","g",False,NULL
5634,443,"flour","240.0","g",False,NULL
5635,443,"red chili","1.25","g",False,NULL
5636,444,"curry leafs","20.0","g",False,NULL
5637,444,"green chili","11.0","g",False,NULL
5638,444,"turmeric","5.0","g",False,NULL
5639,444,"coriander","90.2","g",False,NULL
5640,444,"cumin","15.0","g",False,NULL
5641,444,"chili","5.0","g",False,NULL
5642,444,"pav bhaji","1.0","g",False,NULL
5643,444,"pani puri","1.0","g",False,NULL
5644,444,"bhel puri","1.0","g",False,NULL
5645,444,"batata vada","1.0","g",False,NULL
5646,444,"masala pav","1.0","g",False,NULL
5647,444,"bean","480.0","g",False,NULL
5648,444,"potato","300.0","g",False,NULL
5649,444,"salt","3.5","g",False,NULL
5650,444,"water","900.0","ml",False,NULL
5651,444,"onion","220.0","g",False,NULL
5652,444,"garlic","5.0","g",False,NULL
5653,444,"mustard","5.0","g",False,NULL
5654,444,"goda masala","15.0","g",False,NULL
5655,444,"tamarind soaked","7.5","g",False,NULL
5656,444,"oil","45.0","ml",False,NULL
5657,444,"bread","8.0","g",False,NULL
5658,444,"tomato","120.0","g",True,NULL
5659,444,"thick sev","120.0","g",False,NULL
5660,444,"lemon","50.0","g",False,NULL
5661,444,"curd","120.0","ml",False,NULL
5662,445,"potato","600.0","g",False,NULL
5663,445,"onion","240.0","g",False,NULL
5664,445,"green chili","5.0","g",False,NULL
5665,445,"mustard","5.0","g",False,NULL
5666,445,"cumin","5.0","g",False,NULL
5667,445,"urad","7.5","g",False,NULL
5668,445,"water","79.2","ml",False,NULL
5669,445,"turmeric","2.5","g",False,NULL
5670,445,"asafoetida","0.5","g",False,NULL
5671,445,"coriander","120.0","g",False,NULL
5672,445,"ginger","5.0","g",False,NULL
5673,445,"curry leafs","12.0","g",False,NULL
5674,445,"salt","1.0","g",True,NULL
5675,446,"khaman dhokla","1.0","g",False,NULL
5676,446,"expert tips","1.0","g",False,NULL
5677,446,"three steaming techniques","1.0","g",False,NULL
5678,446,"faqs","1.0","g",False,NULL
5679,446,"white dhokla","1.0","g",False,NULL
5680,446,"rava dhokla","1.0","g",False,NULL
5681,446,"moong dhokla","1.0","g",False,NULL
5682,446,"turmeric","2.0","g",False,NULL
5683,446,"lemon","45.0","g",False,NULL
5684,446,"green chili","20.0","g",False,NULL
5685,446,"chili","7.5","g",False,NULL
5686,446,"sugar","40.0","g",False,NULL
5687,446,"salt","17.5","g",False,NULL
5688,446,"flour","360.0","g",False,NULL
5689,446,"rava semolina","15.0","g",True,NULL
5690,446,"ginger","1.5","g",False,NULL
5691,446,"asafoetida","0.5","g",False,NULL
5692,446,"oil","46.0","ml",False,NULL
5693,446,"water","559.2","ml",False,NULL
5694,446,"mustard","5.0","g",False,NULL
5695,446,"cumin","5.0","g",True,NULL
5696,446,"white sesame seeds","10.0","g",False,NULL
5697,446,"curry leafs","1.0","g",False,NULL
5698,446,"cilantro","30.0","g",False,NULL
5699,446,"coconut","30.0","g",True,NULL
5700,447,"veg cutlet","1.0","g",False,NULL
5701,447,"corn","1.0","g",False,NULL
5702,447,"bread","1.0","g",False,NULL
5703,447,"paneer","1.0","g",False,NULL
5704,447,"thick poha","240.0","g",False,NULL
5705,447,"potato","1.0","g",False,NULL
5706,447,"carrot","100.0","g",False,NULL
5707,447,"bean","4.0","g",False,NULL
5708,447,"onion","100.0","g",False,NULL
5709,447,"coriander","15.0","g",False,NULL
5710,447,"garlic","2.5","g",False,NULL
5711,447,"turmeric","1.25","g",False,NULL
5712,447,"chili","1.25","g",False,NULL
5713,447,"garam masala","1.25","g",False,NULL
5714,447,"white sesame seeds","5.0","g",False,NULL
5715,447,"sugar","0.5","g",True,NULL
5716,447,"oil","45.0","ml",False,NULL
5717,447,"salt","1.0","g",False,NULL
5718,447,"shape cutlets","1.0","g",False,NULL
5719,447,"red chili","1.0","g",False,NULL
5720,448,"bajra roti","1.0","g",False,NULL
5721,448,"jowar roti","1.0","g",False,NULL
5722,448,"makki ki roti","1.0","g",False,NULL
5723,448,"akki roti","1.0","g",False,NULL
5724,448,"tandoori roti","1.0","g",False,NULL
5725,448,"flour","420.0","g",False,NULL
5726,448,"ajwain carom seeds","1.25","g",False,NULL
5727,448,"turmeric","1.25","g",False,NULL
5728,448,"red chili","1.25","g",False,NULL
5729,448,"cumin","2.5","g",False,NULL
5730,448,"coriander","65.0","g",False,NULL
5731,448,"sesame seeds","15.0","g",False,NULL
5732,448,"onion","100.0","g",False,NULL
5733,448,"ginger","5.0","g",False,NULL
5734,448,"green peas","1.0","g",False,NULL
5735,448,"oil","11.0","ml",False,NULL
5736,448,"salt","1.0","g",True,NULL
5737,448,"water","86.25","ml",False,NULL
5738,449,"flour","300.0","g",False,NULL
5739,449,"bean","60.0","g",False,NULL
5740,449,"ginger","2.0","g",False,NULL
5741,449,"chili","5.0","g",False,NULL
5742,449,"turmeric","5.0","g",False,NULL
5743,449,"cumin","5.0","g",False,NULL
5744,449,"coriander","5.0","g",False,NULL
5745,449,"oil","31.0","ml",False,NULL
5746,449,"salt","7.5","g",False,NULL
5747,449,"fenugreek","240.0","g",False,NULL
5748,449,"green chili","2.5","g",False,NULL
5749,449,"yogurt","60.0","ml",False,NULL
5750,450,"sugar","6.0","g",False,NULL
5751,450,"honey","2.0","g",False,NULL
5752,450,"maple syrup","2.0","ml",False,NULL
5753,450,"sauce","3.0","ml",False,NULL
5754,450,"chia seeds","60.0","g",False,NULL
5755,450,"milk","361.0","ml",False,NULL
5756,450,"coconut","61.0","g",False,NULL
5757,450,"cardamom","1.25","g",False,NULL
5758,450,"stberries","3.0","g",False,NULL
5759,450,"pine nuts","10.0","g",False,NULL
5760,450,"top fruits nuts","1.0","g",False,NULL
5761,451,"yogurt","1560.0","ml",False,NULL
5762,451,"water","559.2","ml",False,NULL
5763,451,"sugar","135.0","g",False,NULL
5764,451,"cardamom","5.6","g",False,NULL
5765,451,"saffron","20.0","g",True,NULL
5766,451,"ice cubes","6.0","g",True,NULL
5767,451,"cashew","15.0","g",True,NULL
5768,451,"salt","5.0","g",False,NULL
5769,451,"cumin","7.5","g",False,NULL
5770,451,"mint","6.0","g",False,NULL
5771,451,"black pepper","1.25","g",False,NULL
5772,451,"nutmeg","0.5","g",False,NULL
5773,451,"almond","30.0","g",False,NULL
5774,452,"mangoes sized alphonso","4.0","g",False,NULL
5775,452,"yogurt","240.0","ml",False,NULL
5776,452,"honey","45.0","g",False,NULL
5777,452,"cinnamon","0.62","g",False,NULL
5778,452,"quick cooking oats","79.2","g",False,NULL
5779,452,"water","120.0","ml",False,NULL
5780,452,"mangoes","420.0","g",False,NULL
5781,452,"chia seeds","10.0","g",True,NULL
5782,452,"bananas sized","4.0","g",False,NULL
5783,452,"ice cubes","10.0","g",True,NULL
5784,452,"mangoes alphonso","3.0","g",False,NULL
5785,452,"almond","18.0","g",False,NULL
5786,452,"cardamom","0.4","g",False,NULL
5787,452,"sugar","15.0","g",False,NULL
5788,452,"mint","3.0","g",True,NULL
5789,452,"figs","8.0","g",False,NULL
5790,452,"milk","120.0","ml",False,NULL
5791,452,"blend till smooth","1.0","g",False,NULL
5792,453,"blueberries","240.0","g",False,NULL
5793,453,"coconut","240.0","g",False,NULL
5794,453,"vanilla","2.25","g",False,NULL
5795,453,"sugar","15.0","g",False,NULL
5796,453,"wheat","7.0","g",True,NULL
5797,453,"water","240.0","ml",False,NULL
5798,453,"blend until smooth","1.0","g",False,NULL
5799,454,"onion","278.4","g",False,NULL
5800,454,"curry leafs","38.0","g",False,NULL
5801,454,"coriander","125.0","g",False,NULL
5802,454,"red chili","2.0","g",False,NULL
5803,454,"fennel seeds","10.0","g",False,NULL
5804,454,"pepper","1.25","g",False,NULL
5805,454,"green chili","5.0","g",False,NULL
5806,454,"asafetida","0.5","g",False,NULL
5807,454,"salt","4.5","g",False,NULL
5808,454,"husked split bengal","240.0","g",False,NULL
5809,454,"water","241.0","ml",False,NULL
5810,454,"ginger","10.0","g",False,NULL
5811,454,"oil","2.0","ml",True,NULL
5812,454,"now make","1.0","g",False,NULL
5813,454,"chili","7.5","g",False,NULL
5814,454,"black pepper","1.25","g",False,NULL
5815,454,"asafoetida","0.5","g",False,NULL
5816,455,"batata vada","1.0","g",False,NULL
5817,455,"bread","1.0","g",False,NULL
5818,455,"vada pav","1.0","g",False,NULL
5819,455,"onion","241.0","g",False,NULL
5820,455,"mirchi bajji","1.0","g",False,NULL
5821,455,"turmeric","2.5","g",False,NULL
5822,455,"red chili","2.5","g",False,NULL
5823,455,"fennel powder","2.5","g",False,NULL
5824,455,"garam masala powder","2.5","g",False,NULL
5825,455,"cumin","5.0","g",False,NULL
5826,455,"coriander","35.0","g",False,NULL
5827,455,"sugar","5.0","g",False,NULL
5828,455,"salt","2.0","g",True,NULL
5829,455,"poha thick","120.0","g",False,NULL
5830,455,"ginger","5.0","g",True,NULL
5831,455,"green chili","2.5","g",True,NULL
5832,455,"lemon","2.5","g",False,NULL
5833,455,"samosa sheets patti","20.0","g",False,NULL
5834,455,"oil","1.0","ml",True,NULL
5835,455,"flour","30.0","g",False,NULL
5836,455,"water","157.5","ml",False,NULL
5837,456,"other delicious fillings","1.0","g",False,NULL
5838,456,"dassana’s tips","1.0","g",False,NULL
5839,456,"cinnamon","1.0","g",False,NULL
5840,456,"clove","0.2","g",True,NULL
5841,456,"cardamom","0.4","g",False,NULL
5842,456,"pepper","6.0","g",False,NULL
5843,456,"cumin","10.0","g",False,NULL
5844,456,"fennel seeds","5.0","g",False,NULL
5845,456,"coriander","30.0","g",False,NULL
5846,456,"fennel powder","2.5","g",False,NULL
5847,456,"garam masala","2.5","g",False,NULL
5848,456,"green peas","121.0","g",False,NULL
5849,456,"red chili","2.5","g",False,NULL
5850,456,"asafoetida","1.0","g",False,NULL
5851,456,"flour","480.0","g",False,NULL
5852,456,"carom seeds","5.0","g",False,NULL
5853,456,"salt","6.0","g",False,NULL
5854,456,"butter","90.0","g",False,NULL
5855,456,"water","585.0","ml",False,NULL
5856,456,"potato","4.0","g",False,NULL
5857,456,"mustard","15.0","g",False,NULL
5858,456,"ginger","5.0","g",False,NULL
5859,456,"green chili","10.0","g",False,NULL
5860,456,"chili","2.5","g",False,NULL
5861,456,"cilantro","15.0","g",False,NULL
5862,457,"potato","350.0","g",False,NULL
5863,457,"garlic","7.0","g",False,NULL
5864,457,"green chili","15.0","g",False,NULL
5865,457,"mustard","2.5","g",False,NULL
5866,457,"asafoetida","1.5","g",False,NULL
5867,457,"turmeric","1.24","g",False,NULL
5868,457,"curry leafs","7.0","g",False,NULL
5869,457,"cilantro","15.0","g",False,NULL
5870,457,"salt","8.0","g",True,NULL
5871,457,"flour","240.0","g",False,NULL
5872,457,"water","540.0","ml",False,NULL
5873,457,"coriander","240.0","g",False,NULL
5874,457,"lemon","100.0","g",False,NULL
5875,457,"cumin","2.5","g",False,NULL
5876,457,"ginger","2.5","g",False,NULL
5877,457,"chili","1.25","g",False,NULL
5878,457,"jaggery powder","105.0","g",False,NULL
5879,457,"oil","6.0","ml",False,NULL
5880,457,"red chili","30.0","g",True,NULL
5881,457,"pav","8.0","g",False,NULL
5882,458,"paneer","196.0","g",False,NULL
5883,458,"expert tips","1.0","g",False,NULL
5884,458,"faqs","1.0","g",False,NULL
5885,458,"turmeric","1.0","g",False,NULL
5886,458,"chili","2.5","g",False,NULL
5887,458,"carom seeds ajwain","5.0","g",False,NULL
5888,458,"garam masala powder","0.5","g",False,NULL
5889,458,"asafetida","0.5","g",False,NULL
5890,458,"salt","2.0","g",True,NULL
5891,458,"asafoetida","0.5","g",False,NULL
5892,458,"garam masala","0.5","g",False,NULL
5893,458,"water","158.4","ml",False,NULL
5894,458,"mustard","7.0","g",True,NULL
5895,459,"chili","1.87","g",False,NULL
5896,459,"turmeric","2.5","g",False,NULL
5897,459,"asafoetida","1.0","g",False,NULL
5898,459,"carom seeds ajwain","5.0","g",False,NULL
5899,459,"salt","9.24","g",False,NULL
5900,459,"chaat masala powder","5.0","g",False,NULL
5901,459,"brinjal","1.0","g",False,NULL
5902,459,"banana bajji","1.0","g",False,NULL
5903,459,"mysore bajji bonda","1.0","g",False,NULL
5904,459,"onion","128.5","g",False,NULL
5905,459,"green chili","200.0","g",False,NULL
5906,459,"flour","420.0","g",False,NULL
5907,459,"red chili","1.87","g",False,NULL
5908,459,"water","480.0","ml",False,NULL
5909,459,"cumin","27.5","g",False,NULL
5910,459,"lemon","35.0","g",False,NULL
5911,459,"coriander","30.0","g",False,NULL
5912,459,"oil","1.0","ml",True,NULL
5913,459,"green peas","1.0","g",False,NULL
5914,459,"knife","1.0","g",False,NULL
5915,460,"flour","300.0","g",False,NULL
5916,460,"water","79.2","ml",False,NULL
5917,460,"turmeric","3.75","g",False,NULL
5918,460,"chili","2.5","g",False,NULL
5919,460,"asafoetida","1.0","g",False,NULL
5920,460,"salt","2.0","g",True,NULL
5921,460,"potato","600.0","g",False,NULL
5922,460,"onion","79.2","g",False,NULL
5923,460,"curry leafs","12.0","g",False,NULL
5924,460,"coriander","30.0","g",False,NULL
5925,460,"garlic","5.0","g",False,NULL
5926,460,"mustard","5.0","g",False,NULL
5927,460,"lemon","1.65","g",False,NULL
5928,460,"oil","16.0","ml",False,NULL
5929,461,"paneer","65.0","g",False,NULL
5930,461,"mushroom","65.0","g",False,NULL
5931,461,"potato","9750.0","g",False,NULL
5932,461,"cauliflower","350.0","g",False,NULL
5933,461,"water","97.7","ml",True,NULL
5934,461,"garlic","13.75","g",False,NULL
5935,461,"ginger","12.5","g",False,NULL
5936,461,"flour","151.0","g",False,NULL
5937,461,"corn","30.0","g",False,NULL
5938,461,"turmeric","1.25","g",False,NULL
5939,461,"red chili","2.5","g",False,NULL
5940,461,"garam masala","2.5","g",False,NULL
5941,461,"coriander","2.5","g",False,NULL
5942,461,"lemon","2.5","g",False,NULL
5943,461,"salt","1.5","g",True,NULL
5944,461,"oil","115.0","ml",False,NULL
5945,461,"mustard","2.5","g",False,NULL
5946,461,"onion","60.0","g",False,NULL
5947,461,"chili","26.0","g",False,NULL
5948,461,"curry leafs","5.0","g",False,NULL
5949,461,"cilantro","15.0","g",False,NULL
5950,461,"sugar","0.5","g",False,NULL
5951,461,"bowl add","60.0","g",False,NULL
5952,461,"grinder jar","1.0","g",False,NULL
5953,462,"chili","45.0","g",False,NULL
5954,462,"garlic","15.0","g",False,NULL
5955,462,"ginger","15.0","g",False,NULL
5956,462,"garam masala powder","1.25","g",False,NULL
5957,462,"lemon","2.5","g",False,NULL
5958,462,"salt","3.0","g",True,NULL
5959,462,"curry leafs","12.0","g",False,NULL
5960,462,"paneer","271.0","g",False,NULL
5961,462,"flour","60.0","g",False,NULL
5962,462,"corn","30.0","g",False,NULL
5963,462,"garam masala","1.25","g",False,NULL
5964,462,"water","60.0","ml",False,NULL
5965,462,"oil","85.0","ml",False,NULL
5966,462,"onion","45.0","g",False,NULL
5967,462,"mustard","2.5","g",True,NULL
5968,462,"sugar","1.25","g",False,NULL
5969,462,"cilantro","15.0","g",False,NULL
5970,463,"carrot","240.0","g",False,NULL
5971,463,"potato","480.0","g",False,NULL
5972,463,"bean","120.0","g",False,NULL
5973,463,"green peas","240.0","g",False,NULL
5974,463,"chili","3.5","g",False,NULL
5975,463,"cumin","5.0","g",False,NULL
5976,463,"coriander","65.0","g",True,NULL
5977,463,"garam masala powder","2.5","g",False,NULL
5978,463,"salt","2.0","g",True,NULL
5979,463,"ginger","1.0","g",False,NULL
5980,463,"green chili","5.0","g",False,NULL
5981,463,"garlic","2.0","g",True,NULL
5982,463,"garam masala","2.5","g",False,NULL
5983,463,"bread","124.2","g",False,NULL
5984,463,"flour","30.0","g",False,NULL
5985,463,"water","45.0","ml",False,NULL
5986,463,"oil","30.0","ml",True,NULL
5987,464,"spinach","480.0","g",False,NULL
5988,464,"water","1080.0","ml",False,NULL
5989,464,"potato","300.0","g",False,NULL
5990,464,"green peas","120.0","g",False,NULL
5991,464,"flour","60.0","g",False,NULL
5992,464,"green chili","5.0","g",False,NULL
5993,464,"ginger","1.0","g",False,NULL
5994,464,"chaat masala powder","5.0","g",False,NULL
5995,464,"garam masala","1.25","g",False,NULL
5996,464,"salt","1.0","g",True,NULL
5997,464,"cashew","12.0","g",True,NULL
5998,465,"black pepper","3.75","g",False,NULL
5999,465,"coriander","1.25","g",False,NULL
6000,465,"flour","120.0","g",False,NULL
6001,465,"asafoetida","0.5","g",False,NULL
6002,465,"turmeric","0.62","g",False,NULL
6003,465,"red chili","1.25","g",False,NULL
6004,465,"salt","1.0","g",False,NULL
6005,465,"water","60.0","ml",False,NULL
6006,465,"cheese","125.0","g",False,NULL
6007,465,"oil","1.0","ml",True,NULL
6008,466,"fenugreek","120.0","g",False,NULL
6009,466,"green chili","10.0","g",False,NULL
6010,466,"pepper","1.0","g",False,NULL
6011,466,"turmeric","3.0","g",False,NULL
6012,466,"asafoetida","1.0","g",False,NULL
6013,466,"salt","2.0","g",True,NULL
6014,466,"palak pakora","1.0","g",False,NULL
6015,466,"paneer","1.0","g",False,NULL
6016,466,"onion","101.0","g",False,NULL
6017,466,"ulli vada","1.0","g",False,NULL
6018,466,"pakora","1.0","g",False,NULL
6019,466,"flour","180.0","g",False,NULL
6020,466,"water","60.0","ml",False,NULL
6021,466,"ginger","0.5","g",False,NULL
6022,466,"red chili","1.0","g",False,NULL
6023,466,"oil","1.0","ml",True,NULL
6024,467,"lentil","240.0","g",False,NULL
6025,467,"water","390.0","ml",False,NULL
6026,467,"ginger","1.0","g",False,NULL
6027,467,"asafoetida","0.5","g",False,NULL
6028,467,"pepper","5.0","g",False,NULL
6029,467,"coriander","5.0","g",False,NULL
6030,467,"salt","1.0","g",True,NULL
6031,467,"oil","1.0","ml",True,NULL
6032,468,"sooji rava","240.0","g",False,NULL
6033,468,"flour","15.0","g",False,NULL
6034,468,"water","90.0","ml",False,NULL
6035,468,"salt","1.25","g",False,NULL
6036,468,"oil","6.0","ml",False,NULL
6037,469,"dahi ke sholey","1.0","g",False,NULL
6038,469,"papdi chaat","1.0","g",False,NULL
6039,469,"dahi kabab","1.0","g",False,NULL
6040,469,"dahi bhalla","1.0","g",False,NULL
6041,469,"curd","1.0","ml",False,NULL
6042,469,"potato","300.0","g",False,NULL
6043,469,"onion","100.0","g",True,NULL
6044,469,"tomato","100.0","g",True,NULL
6045,469,"cilantro","15.0","g",False,NULL
6046,469,"yogurt","121.0","ml",False,NULL
6047,469,"coriander","120.0","g",False,NULL
6048,469,"tamarind chutney","120.0","g",False,NULL
6049,469,"chili","61.0","g",False,NULL
6050,469,"puris","24.0","g",False,NULL
6051,469,"flour","1.0","g",True,NULL
6052,469,"chaat masala","1.0","g",True,NULL
6053,469,"cumin","1.0","g",True,NULL
6054,469,"salt","1.0","g",False,NULL
6055,470,"coriander","3.5","g",False,NULL
6056,470,"chili","145.0","g",False,NULL
6057,470,"ginger","2.0","g",False,NULL
6058,470,"cumin","12.5","g",False,NULL
6059,470,"chaat masala","10.0","g",False,NULL
6060,470,"lemon","6.25","g",False,NULL
6061,470,"salt","9.5","g",False,NULL
6062,470,"papdi","36.0","g",False,NULL
6063,470,"sev","120.0","g",False,NULL
6064,470,"potato","300.0","g",False,NULL
6065,470,"onion","100.0","g",False,NULL
6066,470,"tomato","100.0","g",True,NULL
6067,470,"cilantro","510.0","g",False,NULL
6068,470,"green chili","10.0","g",True,NULL
6069,470,"mint","79.2","g",False,NULL
6070,470,"lime","1.25","g",False,NULL
6071,470,"water","485.0","ml",False,NULL
6072,470,"seedless dates","120.0","g",False,NULL
6073,470,"powdered","120.0","g",False,NULL
6074,470,"garlic","8.0","g",False,NULL
6075,471,"jaggery","90.0","g",False,NULL
6076,471,"red chili","1.25","g",False,NULL
6077,471,"cumin","5.0","g",False,NULL
6078,471,"ginger","1.5","g",True,NULL
6079,471,"salt","5.75","g",False,NULL
6080,471,"potato","150.0","g",False,NULL
6081,471,"water","106.0","ml",True,NULL
6082,471,"kashmiri chilli powder","11.25","g",False,NULL
6083,471,"garlic","16.0","g",False,NULL
6084,471,"coriander","120.0","g",False,NULL
6085,471,"green chili","2.5","g",False,NULL
6086,471,"chaat masala","5.0","g",False,NULL
6087,471,"lemon","5.0","g",False,NULL
6088,471,"onion","100.0","g",False,NULL
6089,471,"tomato","100.0","g",False,NULL
6090,471,"pea","30.0","g",True,NULL
6091,471,"bean","120.0","g",False,NULL
6092,471,"sev","90.0","g",False,NULL
6093,471,"papdi","7.0","g",False,NULL
6094,471,"cilantro","15.0","g",False,NULL
6095,471,"black pepper","1.0","g",True,NULL
6096,471,"masala","15.0","g",True,NULL
6097,472,"dahi puri","1.0","g",False,NULL
6098,472,"samosa chaat","1.0","g",False,NULL
6099,472,"chaat","1.0","g",False,NULL
6100,472,"masala puri","1.0","g",False,NULL
6101,472,"corn","1.0","g",False,NULL
6102,472,"green peas","241.0","g",False,NULL
6103,472,"water","480.0","ml",False,NULL
6104,472,"turmeric","1.25","g",False,NULL
6105,472,"red chili","65.0","g",False,NULL
6106,472,"asafoetida","0.5","g",True,NULL
6107,472,"salt","7.0","g",True,NULL
6108,472,"potato","600.0","g",False,NULL
6109,472,"bread","60.0","g",False,NULL
6110,472,"oil","45.0","ml",False,NULL
6111,472,"ragda","480.0","g",False,NULL
6112,472,"coriander","120.0","g",False,NULL
6113,472,"yogurt","120.0","ml",False,NULL
6114,472,"onion","120.0","g",False,NULL
6115,472,"cilantro","60.0","g",False,NULL
6116,472,"tomato","94.2","g",False,NULL
6117,472,"sev","120.0","g",False,NULL
6118,472,"chaat masala","5.0","g",False,NULL
6119,472,"chili","5.0","g",False,NULL
6120,472,"cumin","5.0","g",False,NULL
6121,472,"lemon","5.0","g",False,NULL
6122,472,"pomegranate arils","60.0","g",True,NULL
6123,472,"simmer minutes","10.0","g",False,NULL
6124,472,"top","30.0","g",False,NULL
6125,472,"black pepper","1.0","g",False,NULL
6126,473,"bhel puri","1.0","g",False,NULL
6127,473,"pani puri","1.0","g",False,NULL
6128,473,"dabeli","1.0","g",False,NULL
6129,473,"veg momos","1.0","g",False,NULL
6130,473,"samosa","1.0","g",False,NULL
6131,473,"papdi crisp","24.0","g",False,NULL
6132,473,"potato","300.0","g",False,NULL
6133,473,"bean","120.0","g",False,NULL
6134,473,"onion","100.0","g",False,NULL
6135,473,"tomato","100.0","g",False,NULL
6136,473,"yogurt","181.0","ml",False,NULL
6137,473,"chili","1.0","g",True,NULL
6138,473,"chaat masala","1.0","g",True,NULL
6139,473,"cumin","3.5","g",True,NULL
6140,473,"sugar","1.0","g",True,NULL
6141,473,"flour","1.0","g",True,NULL
6142,473,"cilantro","1.0","g",False,NULL
6143,473,"salt","2.0","g",False,NULL
6144,473,"coriander","241.0","g",False,NULL
6145,473,"ginger","0.5","g",False,NULL
6146,473,"green chili","5.0","g",False,NULL
6147,473,"lemon","2.5","g",True,NULL
6148,473,"sprinkle a","1.0","g",False,NULL
6149,474,"turmeric","3.75","g",False,NULL
6150,474,"chili","25.0","g",False,NULL
6151,474,"coriander","70.0","g",False,NULL
6152,474,"tikki chole","1.0","g",False,NULL
6153,474,"chaat","1.0","g",False,NULL
6154,474,"papdi chaat","1.0","g",False,NULL
6155,474,"dahi bhalla","1.0","g",False,NULL
6156,474,"pea","240.0","g",False,NULL
6157,474,"oil","45.0","ml",False,NULL
6158,474,"carom seeds ajwain","2.5","g",False,NULL
6159,474,"onion","279.4","g",False,NULL
6160,474,"tomato","480.0","g",False,NULL
6161,474,"garlic","10.0","g",False,NULL
6162,474,"water","840.0","ml",False,NULL
6163,474,"garam masala","5.0","g",False,NULL
6164,474,"salt","5.0","g",False,NULL
6165,474,"samosas","10.0","g",False,NULL
6166,474,"bowl tamarind chutney","1.0","g",False,NULL
6167,474,"mint","1.0","g",False,NULL
6168,474,"sev","1.0","g",True,NULL
6169,474,"chaat masala","1.0","g",True,NULL
6170,474,"yogurt","1.0","ml",True,NULL
6171,474,"green chili","11.0","g",True,NULL
6172,474,"red chili","1.0","g",False,NULL
6173,475,"pepper","2.5","g",False,NULL
6174,475,"chili","5.0","g",False,NULL
6175,475,"cumin","5.0","g",False,NULL
6176,475,"chaat masala powder","5.0","g",False,NULL
6177,475,"salt","2.0","g",False,NULL
6178,475,"fruit chaat","1.0","g",False,NULL
6179,475,"papdi chaat","1.0","g",False,NULL
6180,475,"katori chaat","1.0","g",False,NULL
6181,475,"ghugni chaat","1.0","g",False,NULL
6182,475,"potato","250.0","g",False,NULL
6183,475,"oil","60.0","ml",False,NULL
6184,475,"kashmiri chilli powder","2.5","g",False,NULL
6185,475,"mint","15.0","g",False,NULL
6186,475,"coriander","30.0","g",False,NULL
6187,475,"tamarind chutney","15.0","g",False,NULL
6188,475,"lemon","5.0","g",False,NULL
6189,475,"pomegranate arils garnish","15.0","g",True,NULL
6190,475,"can be doubled","1.0","g",False,NULL
6191,476,"green chutney","1.0","g",False,NULL
6192,476,"garlic","79.0","g",False,NULL
6193,476,"samosa chaat","1.0","g",False,NULL
6194,476,"chaat","3.0","g",False,NULL
6195,476,"raj kachori","1.0","g",False,NULL
6196,476,"pea","840.0","g",False,NULL
6197,476,"water","990.0","ml",False,NULL
6198,476,"salt","10.75","g",False,NULL
6199,476,"potato","150.0","g",False,NULL
6200,476,"papdi crispy puri","24.0","g",False,NULL
6201,476,"yogurt","240.0","ml",False,NULL
6202,476,"coriander","305.0","g",False,NULL
6203,476,"kashmiri chilli powder","15.0","g",True,NULL
6204,476,"cumin","10.0","g",False,NULL
6205,476,"chaat masala","5.0","g",False,NULL
6206,476,"pomegranate arils","60.0","g",True,NULL
6207,476,"lemon","10.0","g",False,NULL
6208,476,"sev","120.0","g",True,NULL
6209,476,"mint","240.0","g",False,NULL
6210,476,"green chili","5.0","g",False,NULL
6211,476,"tamarind","120.0","g",False,NULL
6212,476,"seedless dates","120.0","g",False,NULL
6213,476,"jaggery","120.0","g",False,NULL
6214,476,"ginger","2.5","g",False,NULL
6215,476,"chili","2.5","g",True,NULL
6216,477,"chili","2.5","g",False,NULL
6217,477,"cumin","10.0","g",False,NULL
6218,477,"chaat masala powder","5.0","g",False,NULL
6219,477,"salt","2.0","g",True,NULL
6220,477,"urad","2.0","g",False,NULL
6221,477,"onion","120.0","g",False,NULL
6222,477,"tomato","120.0","g",False,NULL
6223,477,"cilantro","30.0","g",False,NULL
6224,477,"lime","5.0","g",False,NULL
6225,477,"red chili","2.5","g",False,NULL
6226,477,"chaat masala","5.0","g",False,NULL
6227,477,"coriander","1.0","g",False,NULL
6228,478,"ly","2.5","g",False,NULL
6229,478,"corn","241.0","g",False,NULL
6230,478,"water","360.0","ml",False,NULL
6231,478,"salt","2.25","g",False,NULL
6232,478,"onion","100.0","g",False,NULL
6233,478,"tomato","100.0","g",False,NULL
6234,478,"chili","3.75","g",False,NULL
6235,478,"coriander","30.0","g",False,NULL
6236,478,"chaat masala powder","5.0","g",False,NULL
6237,478,"flour","30.0","g",True,NULL
6238,479,"sprouts curry","1.0","g",False,NULL
6239,479,"sprouts salad","1.0","g",False,NULL
6240,479,"moong","2.0","g",False,NULL
6241,479,"green moong","1.0","g",False,NULL
6242,479,"bean","480.0","g",False,NULL
6243,479,"tomato","100.0","g",False,NULL
6244,479,"red chili","1.25","g",False,NULL
6245,479,"lemon","5.0","g",False,NULL
6246,479,"potato","150.0","g",False,NULL
6247,479,"tamarind chutney","15.0","g",False,NULL
6248,479,"green chutney","15.0","g",False,NULL
6249,479,"coriander","2.0","g",False,NULL
6250,479,"salt","1.0","g",False,NULL
6251,479,"sev","45.0","g",False,NULL
6252,479,"papdis","4.0","g",False,NULL
6253,480,"cumin","10.0","g",False,NULL
6254,480,"chaat masala powder","5.0","g",False,NULL
6255,480,"salt","5.0","g",False,NULL
6256,480,"red chili","2.5","g",False,NULL
6257,480,"banana","120.0","g",False,NULL
6258,480,"mangoes","240.0","g",False,NULL
6259,480,"apples","240.0","g",False,NULL
6260,480,"potato","480.0","g",False,NULL
6261,480,"lemon","10.0","g",False,NULL
6262,480,"chaat masala","5.0","g",False,NULL
6263,480,"chili","2.5","g",False,NULL
6264,481,"papdi chaat","1.0","g",False,NULL
6265,481,"dahi ke kabab","1.0","g",False,NULL
6266,481,"curd","481.0","ml",False,NULL
6267,481,"dahi ke sholay","1.0","g",False,NULL
6268,481,"dahi puri","1.0","g",False,NULL
6269,481,"moong","60.0","g",False,NULL
6270,481,"lentil","390.0","g",False,NULL
6271,481,"cumin","6.0","g",False,NULL
6272,481,"asafoetida","1.0","g",False,NULL
6273,481,"salt","4.0","g",True,NULL
6274,481,"oil","6.0","ml",True,NULL
6275,481,"pomegranate arils","79.2","g",False,NULL
6276,481,"tamarind chutney","79.2","g",False,NULL
6277,481,"green chutney","79.2","g",False,NULL
6278,481,"papdi","20.0","g",False,NULL
6279,481,"pea","120.0","g",False,NULL
6280,481,"potato","150.0","g",False,NULL
6281,481,"chaat masala","1.0","g",True,NULL
6282,481,"chili","2.25","g",True,NULL
6283,481,"water","1025.0","ml",False,NULL
6284,481,"cilantro","240.0","g",False,NULL
6285,481,"ginger","3.5","g",False,NULL
6286,481,"lemon","2.5","g",False,NULL
6287,481,"jaggery","105.0","g",False,NULL
6288,481,"green peas","1.0","g",True,NULL
6289,482,"green peas","1.0","g",False,NULL
6290,482,"bean","120.0","g",False,NULL
6291,482,"water","1080.0","ml",False,NULL
6292,482,"turmeric","1.25","g",False,NULL
6293,482,"chili","2.5","g",False,NULL
6294,482,"garam masala","2.5","g",False,NULL
6295,482,"onion","200.0","g",False,NULL
6296,482,"tomato","100.0","g",False,NULL
6297,482,"oil","35.0","ml",False,NULL
6298,482,"coconut","150.0","g",False,NULL
6299,482,"ginger","1.0","g",False,NULL
6300,482,"garlic","3.0","g",False,NULL
6301,482,"fennel seeds","15.0","g",False,NULL
6302,482,"coriander","7.5","g",False,NULL
6303,482,"sauté minute","1.0","g",False,NULL
6304,483,"flour","780.0","g",False,NULL
6305,483,"oil","30.0","ml",False,NULL
6306,483,"yeast","5.0","g",False,NULL
6307,483,"sugar","10.0","g",False,NULL
6308,483,"salt","5.0","g",False,NULL
6309,483,"water","480.0","ml",False,NULL
6310,483,"milk","15.0","ml",True,NULL
6311,483,"butter","15.0","g",False,NULL
6312,484,"cabbage","1080.0","g",False,NULL
6313,484,"shredded","120.0","g",False,NULL
6314,484,"onion","109.2","g",False,NULL
6315,484,"veg cutlet","1.0","g",False,NULL
6316,484,"cheese","1.0","g",False,NULL
6317,484,"french fries","1.0","g",False,NULL
6318,484,"potato","1.0","g",False,NULL
6319,484,"oil","31.0","ml",False,NULL
6320,484,"carrot","120.0","g",False,NULL
6321,484,"capsicum","79.2","g",False,NULL
6322,484,"bean","105.0","g",False,NULL
6323,484,"black pepper","2.5","g",False,NULL
6324,484,"sauce","15.0","ml",False,NULL
6325,484,"ly celery","5.0","g",True,NULL
6326,484,"noodles","240.0","g",False,NULL
6327,484,"salt","1.0","g",True,NULL
6328,484,"flour","90.0","g",False,NULL
6329,484,"water","61.0","ml",False,NULL
6330,484,"spring roll wrappers","24.0","g",False,NULL
6331,485,"paneer","252.0","g",False,NULL
6332,485,"mushroom","1.0","g",False,NULL
6333,485,"veg manchurian","1.0","g",False,NULL
6334,485,"manchurian","1.0","g",False,NULL
6335,485,"garlic","5.0","g",False,NULL
6336,485,"ginger","2.5","g",False,NULL
6337,485,"onion","76.0","g",False,NULL
6338,485,"capsicum","158.4","g",False,NULL
6339,485,"green chili","10.0","g",False,NULL
6340,485,"sauce","30.0","ml",False,NULL
6341,485,"soy","2.5","ml",False,NULL
6342,485,"pepper","5.0","g",False,NULL
6343,485,"sugar","1.25","g",False,NULL
6344,485,"water","240.0","ml",False,NULL
6345,485,"salt","1.0","g",True,NULL
6346,485,"flour","30.0","g",False,NULL
6347,485,"rice","2.5","g",True,NULL
6348,485,"green peas","2.0","g",False,NULL
6349,486,"mayonnaise","1.0","g",False,NULL
6350,486,"expert tips","1.0","g",False,NULL
6351,486,"faqs","1.0","g",False,NULL
6352,486,"coleslaw","1.0","g",False,NULL
6353,486,"apple salad","1.0","g",False,NULL
6354,486,"potato","1.0","g",False,NULL
6355,486,"pasta","1.0","g",False,NULL
6356,486,"russian salad","1.0","g",False,NULL
6357,486,"caesar salad","1.0","g",False,NULL
6358,486,"blender immersion","1.0","g",False,NULL
6359,486,"oil","30.0","ml",False,NULL
6360,486,"mustard","5.0","g",False,NULL
6361,486,"vinegar","15.0","ml",False,NULL
6362,486,"sugar","2.5","g",False,NULL
6363,486,"turmeric","0.5","g",False,NULL
6364,486,"pepper","6.0","g",False,NULL
6365,486,"salt","2.5","g",False,NULL
6366,486,"water","105.0","ml",False,NULL
6367,487,"paneer","235.0","g",False,NULL
6368,487,"expert tips","1.0","g",False,NULL
6369,487,"faqs","1.0","g",False,NULL
6370,487,"garlic","17.0","g",False,NULL
6371,487,"carom seeds ajwain","2.5","g",False,NULL
6372,487,"turmeric","2.5","g",False,NULL
6373,487,"coriander","246.0","g",False,NULL
6374,487,"cumin","10.0","g",False,NULL
6375,487,"garam masala powder","2.5","g",False,NULL
6376,487,"chaat masala powder","2.5","g",True,NULL
6377,487,"red chili","5.0","g",False,NULL
6378,487,"mint","240.0","g",False,NULL
6379,487,"green chili","7.5","g",False,NULL
6380,487,"ginger","2.0","g",False,NULL
6381,487,"curd","90.0","ml",False,NULL
6382,487,"garam masala","2.5","g",False,NULL
6383,487,"kashmiri chilli powder","6.25","g",False,NULL
6384,487,"salt","3.25","g",False,NULL
6385,487,"lemon","10.0","g",False,NULL
6386,487,"yogurt","60.0","ml",False,NULL
6387,487,"water","125.0","ml",True,NULL
6388,487,"flour","240.0","g",False,NULL
6389,487,"oil","8.5","ml",False,NULL
6390,487,"cabbage","79.2","g",False,NULL
6391,487,"carrot","79.2","g",False,NULL
6392,487,"capsicum","79.2","g",False,NULL
6393,487,"onion","79.2","g",False,NULL
6394,487,"chaat masala","5.0","g",False,NULL
6395,487,"take one roti","1.0","g",False,NULL
6396,488,"your questions answered","1.0","g",False,NULL
6397,488,"cheese","151.0","g",False,NULL
6398,488,"baked ziti","1.0","g",False,NULL
6399,488,"sauce","1.0","ml",False,NULL
6400,488,"veg lasagna","1.0","g",False,NULL
6401,488,"cream","1.0","ml",False,NULL
6402,488,"carrot","158.4","g",False,NULL
6403,488,"corn","158.4","g",False,NULL
6404,488,"bean","120.0","g",False,NULL
6405,488,"green peas","240.0","g",False,NULL
6406,488,"mushroom","1080.0","g",False,NULL
6407,488,"pepper","121.65","g",True,NULL
6408,488,"salt","47.25","g",False,NULL
6409,488,"flour","45.0","g",False,NULL
6410,488,"milk","360.0","ml",False,NULL
6411,488,"water","720.0","ml",False,NULL
6412,488,"cauliflower","240.0","g",False,NULL
6413,488,"butter","5.0","g",False,NULL
6414,488,"bread","79.2","g",True,NULL
6415,489,"bread","10.0","g",False,NULL
6416,489,"potato","2.0","g",False,NULL
6417,489,"pepper","79.2","g",False,NULL
6418,489,"onion","60.0","g",False,NULL
6419,489,"chaat masala","2.5","g",False,NULL
6420,489,"red chili","2.25","g",False,NULL
6421,489,"salt","1.0","g",False,NULL
6422,489,"butter","1.0","g",True,NULL
6423,490,"sauce","2.0","ml",False,NULL
6424,490,"wheat","1.0","g",False,NULL
6425,490,"ingredient swaps","1.0","g",False,NULL
6426,490,"tomato","1.0","g",False,NULL
6427,490,"expert tips","1.0","g",False,NULL
6428,490,"faqs","1.0","g",False,NULL
6429,490,"veg pizza","1.0","g",False,NULL
6430,490,"margherita pizza","1.0","g",False,NULL
6431,490,"paneer","2.0","g",False,NULL
6432,490,"pizza without oven","1.0","g",False,NULL
6433,490,"thin crust pizza","1.0","g",False,NULL
6434,490,"oil","61.0","ml",False,NULL
6435,490,"basil","60.0","g",False,NULL
6436,490,"oregano","10.0","g",False,NULL
6437,490,"salt","1.0","g",True,NULL
6438,490,"black pepper","2.5","g",False,NULL
6439,491,"onion","139.2","g",False,NULL
6440,491,"tomato","240.0","g",False,NULL
6441,491,"capsicum","120.0","g",False,NULL
6442,491,"garlic","3.0","g",False,NULL
6443,491,"ginger","0.5","g",False,NULL
6444,491,"green chili","5.0","g",False,NULL
6445,491,"cumin","2.5","g",False,NULL
6446,491,"turmeric","1.25","g",False,NULL
6447,491,"chili","2.5","g",False,NULL
6448,491,"pav bhaji masala","15.0","g",False,NULL
6449,491,"butter","45.0","g",False,NULL
6450,491,"water","79.2","ml",False,NULL
6451,491,"salt","1.0","g",True,NULL
6452,491,"lemon","50.0","g",False,NULL
6453,491,"cilantro","30.0","g",False,NULL
6454,492,"onion","1.0","g",False,NULL
6455,492,"expert tips","1.0","g",False,NULL
6456,492,"faqs","1.0","g",False,NULL
6457,492,"garlic","1.25","g",False,NULL
6458,492,"chili","10.0","g",False,NULL
6459,492,"oil","20.0","ml",False,NULL
6460,492,"husked split bengal","5.0","g",False,NULL
6461,492,"urad","2.5","g",False,NULL
6462,492,"tamarind","1.25","g",False,NULL
6463,492,"salt","1.0","g",True,NULL
6464,492,"water","120.0","ml",False,NULL
6465,492,"mustard","2.5","g",False,NULL
6466,492,"asafoetida","0.5","g",True,NULL
6467,492,"curry leafs","5.0","g",False,NULL
6468,493,"masala idli","1.0","g",False,NULL
6469,493,"idli upma","1.0","g",False,NULL
6470,493,"idli","2.0","g",False,NULL
6471,493,"chili","1.0","g",False,NULL
6472,493,"podi idli","1.0","g",False,NULL
6473,493,"idli chaat","1.0","g",False,NULL
6474,493,"rava idli","1.0","g",False,NULL
6475,493,"oats idli","1.0","g",False,NULL
6476,493,"kanchipuram idli","1.0","g",False,NULL
6477,493,"idlis","5.0","g",False,NULL
6478,493,"oil","45.0","ml",False,NULL
6479,493,"garlic","7.5","g",False,NULL
6480,493,"ginger","10.0","g",False,NULL
6481,493,"onion","100.0","g",False,NULL
6482,493,"capsicum","100.0","g",False,NULL
6483,493,"sauce","45.0","ml",False,NULL
6484,493,"pepper","2.5","g",False,NULL
6485,493,"salt","1.0","g",True,NULL
6486,493,"coriander","30.0","g",False,NULL
6487,494,"your questions answered","1.0","g",False,NULL
6488,494,"water","1740.0","ml",False,NULL
6489,494,"tomato","1.0","g",False,NULL
6490,494,"rice","540.0","g",False,NULL
6491,494,"urad","120.0","g",False,NULL
6492,494,"fenugreek","1.25","g",False,NULL
6493,494,"salt","5.0","g",False,NULL
6494,495,"coriander","79.2","g",False,NULL
6495,495,"garlic","7.0","g",False,NULL
6496,495,"ginger","1.0","g",False,NULL
6497,495,"cumin","11.0","g",False,NULL
6498,495,"pepper","1.25","g",False,NULL
6499,495,"tomato","360.0","g",False,NULL
6500,495,"mustard","2.5","g",False,NULL
6501,495,"urad","2.5","g",False,NULL
6502,495,"asafoetida","0.5","g",False,NULL
6503,495,"curry leafs","10.0","g",False,NULL
6504,495,"turmeric","1.25","g",False,NULL
6505,495,"salt","1.0","g",True,NULL
6506,495,"water","360.0","ml",False,NULL
6507,495,"cilantro","30.0","g",False,NULL
6508,496,"medu vada","1.0","g",False,NULL
6509,496,"dahi ke kabab","1.0","g",False,NULL
6510,496,"unniyappam","1.0","g",False,NULL
6511,496,"banana flower vada","1.0","g",False,NULL
6512,496,"urad","480.0","g",False,NULL
6513,496,"water","512.0","ml",False,NULL
6514,496,"green chili","10.0","g",False,NULL
6515,496,"curry leafs","16.0","g",False,NULL
6516,496,"ginger","1.0","g",False,NULL
6517,496,"salt","3.0","g",True,NULL
6518,496,"oil","16.0","ml",True,NULL
6519,496,"coconut","120.0","g",False,NULL
6520,496,"curd","480.0","ml",False,NULL
6521,496,"mustard","2.5","g",False,NULL
6522,496,"chili","0.5","g",False,NULL
6523,496,"coriander","30.0","g",False,NULL
6524,497,"black pepper","5.0","g",False,NULL
6525,497,"ginger","3.0","g",False,NULL
6526,497,"green chili","10.0","g",False,NULL
6527,497,"curry leafs","25.0","g",False,NULL
6528,497,"asafoetida","1.0","g",False,NULL
6529,497,"salt","2.0","g",True,NULL
6530,497,"urad hulled","120.0","g",False,NULL
6531,497,"water","570.0","ml",False,NULL
6532,497,"flour","15.0","g",False,NULL
6533,497,"cumin","2.5","g",False,NULL
6534,497,"coconut","97.5","g",False,NULL
6535,497,"oil","1.0","ml",True,NULL
6536,497,"bengal","15.0","g",False,NULL
6537,498,"fenugreek","1.0","g",False,NULL
6538,498,"rava","15.0","g",False,NULL
6539,498,"curry leafs","10.0","g",False,NULL
6540,498,"ginger","2.0","g",False,NULL
6541,498,"coriander","10.0","g",False,NULL
6542,498,"cumin","10.0","g",False,NULL
6543,498,"idli batter","240.0","g",False,NULL
6544,498,"onion","60.0","g",False,NULL
6545,498,"cilantro","10.0","g",False,NULL
6546,498,"oil","1.0","ml",True,NULL
6547,498,"take idli batter","240.0","g",False,NULL
6548,499,"flour","248.5","g",False,NULL
6549,499,"ginger","10.0","g",False,NULL
6550,499,"green chili","5.0","g",False,NULL
6551,499,"curry leafs","7.0","g",False,NULL
6552,499,"coriander","30.0","g",False,NULL
6553,499,"yogurt","90.0","ml",False,NULL
6554,499,"water","120.0","ml",False,NULL
6555,499,"sugar","5.0","g",False,NULL
6556,499,"salt","1.0","g",True,NULL
6557,499,"oil","1.0","ml",True,NULL
6558,499,"can be doubled","1.0","g",False,NULL
6559,500,"carom seeds","2.5","g",False,NULL
6560,500,"cumin","5.0","g",False,NULL
6561,500,"white sesame seeds","15.0","g",False,NULL
6562,500,"turmeric","2.5","g",False,NULL
6563,500,"chili","10.0","g",False,NULL
6564,500,"salt","2.0","g",False,NULL
6565,500,"flour","360.0","g",False,NULL
6566,500,"oil","37.5","ml",False,NULL
6567,500,"water","158.4","ml",True,NULL
6568,500,"carom seeds ajwain","2.5","g",False,NULL
6569,500,"generous asafoetida","0.5","g",True,NULL
6570,500,"sesame seeds white","15.0","g",False,NULL
6571,501,"flour","285.0","g",False,NULL
6572,501,"salt","31.65","g",False,NULL
6573,501,"cumin","3.5","g",False,NULL
6574,501,"asafoetida","2.5","g",False,NULL
6575,501,"water","135.0","ml",False,NULL
6576,501,"oil","1.0","ml",True,NULL
6577,502,"flour","1200.0","g",False,NULL
6578,502,"carom seeds ajwain","20.0","g",False,NULL
6579,502,"pepper","20.0","g",False,NULL
6580,502,"fenugreek","20.0","g",True,NULL
6581,502,"cumin","10.0","g",False,NULL
6582,502,"asafoetida","1.0","g",True,NULL
6583,502,"salt","2.0","g",True,NULL
6584,502,"ghee","45.0","ml",False,NULL
6585,502,"water","75.0","ml",False,NULL
6586,502,"oil","1.0","ml",True,NULL
6587,503,"flour","960.0","g",False,NULL
6588,503,"carom seeds ajwain","10.0","g",False,NULL
6589,503,"black pepper","10.0","g",False,NULL
6590,503,"salt","5.0","g",False,NULL
6591,503,"oil","61.0","ml",False,NULL
6592,503,"water","240.0","ml",False,NULL
6593,503,"potato","1.0","g",False,NULL
6594,503,"mathri","1.0","g",False,NULL
6595,503,"gulgule","1.0","g",False,NULL
6596,503,"nankhatai","1.0","g",False,NULL
6597,503,"cumin","5.0","g",True,NULL
6598,504,"turmeric","2.5","g",False,NULL
6599,504,"chili","2.5","g",False,NULL
6600,504,"garam masala powder","2.5","g",False,NULL
6601,504,"brinjal","3.0","g",False,NULL
6602,504,"ennegayi","1.0","g",False,NULL
6603,504,"salt","3.5","g",False,NULL
6604,504,"sesame seeds white","30.0","g",False,NULL
6605,504,"pea","45.0","g",False,NULL
6606,504,"coconut","90.0","g",False,NULL
6607,504,"coriander","2.5","g",False,NULL
6608,504,"cumin","2.5","g",False,NULL
6609,504,"oil","45.0","ml",False,NULL
6610,504,"onion","79.2","g",False,NULL
6611,504,"garlic","10.0","g",False,NULL
6612,504,"tomato","121.0","g",False,NULL
6613,504,"green chili","5.0","g",False,NULL
6614,504,"cilantro","30.0","g",False,NULL
6615,504,"kashmiri chilli powder","2.5","g",False,NULL
6616,504,"garam masala","2.5","g",False,NULL
6617,504,"water","300.0","ml",False,NULL
6618,504,"clove","1.0","g",False,NULL
6619,504,"curry leafs",NULL,NULL,False,NULL
6620,505,"pea","180.0","g",False,NULL
6621,505,"raisin","60.0","g",False,NULL
6622,505,"cashew","60.0","g",False,NULL
6623,505,"chili","1.25","g",False,NULL
6624,505,"sugar","2.5","g",False,NULL
6625,505,"salt","1.0","g",True,NULL
6626,505,"oil","1.0","ml",False,NULL
6627,506,"pea","357.6","g",False,NULL
6628,506,"cashew","199.2","g",False,NULL
6629,506,"coconut","120.0","g",True,NULL
6630,506,"raisin","60.0","g",False,NULL
6631,506,"curry leafs","24.0","g",False,NULL
6632,506,"green chili","10.0","g",False,NULL
6633,506,"turmeric","2.5","g",False,NULL
6634,506,"generous asafoetida","1.0","g",False,NULL
6635,506,"sugar","25.0","g",False,NULL
6636,506,"salt","6.0","g",False,NULL
6637,506,"red chili","240.0","g",False,NULL
6638,506,"mustard","1.25","g",False,NULL
6639,506,"cumin","2.5","g",False,NULL
6640,506,"white sesame seeds","5.0","g",False,NULL
6641,506,"chili","1.25","g",False,NULL
6642,506,"oil","6.0","ml",False,NULL
6643,507,"potato","240.0","g",False,NULL
6644,507,"green chili","5.0","g",False,NULL
6645,507,"coriander","35.0","g",False,NULL
6646,507,"cumin","5.0","g",False,NULL
6647,507,"pepper","2.5","g",False,NULL
6648,507,"chili","10.0","g",False,NULL
6649,507,"garam masala powder","1.25","g",False,NULL
6650,507,"mango powder amchur","5.0","g",False,NULL
6651,507,"salt","10.0","g",False,NULL
6652,507,"rice","480.0","g",False,NULL
6653,507,"onion","60.0","g",False,NULL
6654,507,"cucumber ly","60.0","g",False,NULL
6655,507,"tomato","60.0","g",False,NULL
6656,507,"ly","2.5","g",False,NULL
6657,507,"pea","61.0","g",False,NULL
6658,507,"sev","30.0","g",False,NULL
6659,507,"mustard","6.0","g",False,NULL
6660,507,"lemon","6.0","g",False,NULL
6661,507,"coconut","15.0","g",True,NULL
6662,507,"garam masala","1.25","g",False,NULL
6663,507,"dry mango powder","5.0","g",False,NULL
6664,507,"keep them aside","1.0","g",False,NULL
6665,507,"gently mix again","1.0","g",False,NULL
6666,508,"corn","360.0","g",False,NULL
6667,508,"capsicum","120.0","g",False,NULL
6668,508,"onion","79.2","g",False,NULL
6669,508,"chili","10.0","g",False,NULL
6670,508,"turmeric","1.25","g",False,NULL
6671,508,"red chili","2.5","g",False,NULL
6672,508,"cumin","5.0","g",False,NULL
6673,508,"black pepper","1.25","g",False,NULL
6674,508,"garam masala","1.25","g",False,NULL
6675,508,"oil","30.0","ml",False,NULL
6676,508,"salt","1.0","g",True,NULL
6677,509,"potato","100.0","g",False,NULL
6678,509,"cheese","61.0","g",False,NULL
6679,509,"black pepper","1.25","g",False,NULL
6680,509,"cumin","2.5","g",False,NULL
6681,509,"garam masala","0.5","g",True,NULL
6682,509,"cilantro","30.0","g",False,NULL
6683,509,"flour","60.0","g",False,NULL
6684,509,"salt","1.0","g",False,NULL
6685,509,"oil","1.0","ml",True,NULL
